'1346481',20260830,1,20260906,1,20260913,1,20260920,1,20260927,1,20261004,1,20261011,1,20261018,1,20261025,1,20261101,1,20261108,1,20261115,1,20261122,1,20261129,1,20261206,1,20261213,1,20261220,1,20261227,1,20270103,1,20270110,1,20270117,1,20270124,1,20270131,1,20270207,1,20270214,1,20270221,1,20270228,1,20270307,1,20270314,1,20270321,1,20270328,1,20270404,1,20270411,1,20270418,1,20270425,1,20270502,1,20270509,1,20270516,1,20270523,1
'1346482',20260829,1,20260905,1,20260912,1,20260919,1,20260926,1,20261003,1,20261010,1,20261017,1,20261024,1,20261031,1,20261107,1,20261114,1,20261121,1,20261128,1,20261205,1,20261212,1,20261219,1,20270102,1,20270109,1,20270116,1,20270123,1,20270130,1,20270206,1,20270213,1,20270220,1,20270227,1,20270306,1,20270313,1,20270320,1,20270327,1,20270403,1,20270410,1,20270417,1,20270424,1,20270501,1,20270508,1,20270515,1,20270522,1
'1346483',20260829,1,20260905,1,20260912,1,20260919,1,20260926,1,20261003,1,20261010,1,20261017,1,20261024,1,20261031,1,20261107,1,20261114,1,20261121,1,20261128,1,20261205,1,20261212,1,20261219,1,20270102,1,20270109,1,20270116,1,20270123,1,20270130,1,20270206,1,20270213,1,20270220,1,20270227,1,20270306,1,20270313,1,20270320,1,20270327,1,20270403,1,20270410,1,20270417,1,20270424,1,20270501,1,20270508,1,20270515,1,20270522,1
'1346485',20260826,1,20260827,1,20260828,1,20260831,1,20260901,1,20260902,1,20260903,1,20260904,1,20260908,1,20260909,1,20260910,1,20260911,1,20260914,1,20260915,1,20260916,1,20260917,1,20260918,1,20260921,1,20260922,1,20260923,1,20260924,1,20260925,1,20260928,1,20260929,1,20260930,1,20261001,1,20261002,1,20261005,1,20261006,1,20261007,1,20261008,1,20261009,1,20261013,1,20261014,1,20261015,1,20261016,1,20261019,1,20261020,1,20261021,1,20261022,1,20261023,1,20261026,1,20261027,1,20261028,1,20261029,1,20261030,1,20261102,1,20261103,1,20261104,1,20261105,1,20261106,1,20261109,1,20261110,1,20261111,1,20261112,1,20261113,1,20261116,1,20261117,1,20261118,1,20261119,1,20261120,1,20261123,1,20261124,1,20261125,1,20261126,1,20261127,1,20261130,1,20261201,1,20261202,1,20261203,1,20261204,1,20261207,1,20261208,1,20261209,1,20261210,1,20261211,1,20261214,1,20261215,1,20261216,1,20261217,1,20261218,1,20261221,1,20261222,1,20261223,1,20261224,1,20261228,1,20261229,1,20261230,1,20261231,1,20270104,1,20270105,1,20270106,1,20270107,1,20270108,1,20270111,1,20270112,1,20270113,1,20270114,1,20270115,1,20270118,1,20270119,1,20270120,1,20270121,1,20270122,1,20270125,1,20270126,1,20270127,1,20270128,1,20270129,1,20270201,1,20270202,1,20270203,1,20270204,1,20270205,1,20270208,1,20270209,1,20270210,1,20270211,1,20270212,1,20270216,1,20270217,1,20270218,1,20270219,1,20270222,1,20270223,1,20270224,1,20270225,1,20270226,1,20270301,1,20270302,1,20270303,1,20270304,1,20270305,1,20270308,1,20270309,1,20270310,1,20270311,1,20270312,1,20270315,1,20270316,1,20270317,1,20270318,1,20270319,1,20270322,1,20270323,1,20270324,1,20270325,1,20270329,1,20270330,1,20270331,1,20270401,1,20270402,1,20270405,1,20270406,1,20270407,1,20270408,1,20270409,1,20270412,1,20270413,1,20270414,1,20270415,1,20270416,1,20270419,1,20270420,1,20270421,1,20270422,1,20270423,1,20270426,1,20270427,1,20270428,1,20270429,1,20270430,1,20270503,1,20270504,1,20270505,1,20270506,1,20270507,1,20270510,1,20270511,1,20270512,1,20270513,1,20270514,1,20270517,1,20270518,1,20270519,1,20270520,1,20270521,1,20270525,1,20270526,1
'1346486',20260830,1,20260906,1,20260913,1,20260920,1,20260927,1,20261004,1,20261011,1,20261018,1,20261025,1,20261101,1,20261108,1,20261115,1,20261122,1,20261129,1,20261206,1,20261213,1,20261220,1,20261227,1,20270103,1,20270110,1,20270117,1,20270124,1,20270131,1,20270207,1,20270214,1,20270221,1,20270228,1,20270307,1,20270314,1,20270321,1,20270328,1,20270404,1,20270411,1,20270418,1,20270425,1,20270502,1,20270509,1,20270516,1,20270523,1
'1346487',20260830,1,20260906,1,20260913,1,20260920,1,20260927,1,20261004,1,20261011,1,20261018,1,20261025,1,20261101,1,20261108,1,20261115,1,20261122,1,20261129,1,20261206,1,20261213,1,20261220,1,20261227,1,20270103,1,20270110,1,20270117,1,20270124,1,20270131,1,20270207,1,20270214,1,20270221,1,20270228,1,20270307,1,20270314,1,20270321,1,20270328,1,20270404,1,20270411,1,20270418,1,20270425,1,20270502,1,20270509,1,20270516,1,20270523,1
'1346488',20260829,1,20260905,1,20260912,1,20260919,1,20260926,1,20261003,1,20261010,1,20261017,1,20261024,1,20261031,1,20261107,1,20261114,1,20261121,1,20261128,1,20261205,1,20261212,1,20261219,1,20270102,1,20270109,1,20270116,1,20270123,1,20270130,1,20270206,1,20270213,1,20270220,1,20270227,1,20270306,1,20270313,1,20270320,1,20270327,1,20270403,1,20270410,1,20270417,1,20270424,1,20270501,1,20270508,1,20270515,1,20270522,1
'1346489',20260829,1,20260905,1,20260912,1,20260919,1,20260926,1,20261003,1,20261010,1,20261017,1,20261024,1,20261031,1,20261107,1,20261114,1,20261121,1,20261128,1,20261205,1,20261212,1,20261219,1,20270102,1,20270109,1,20270116,1,20270123,1,20270130,1,20270206,1,20270213,1,20270220,1,20270227,1,20270306,1,20270313,1,20270320,1,20270327,1,20270403,1,20270410,1,20270417,1,20270424,1,20270501,1,20270508,1,20270515,1,20270522,1
'1346490',20260826,1,20260827,1,20260828,1,20260831,1,20260901,1,20260902,1,20260903,1,20260904,1,20260908,1,20260909,1,20260910,1,20260911,1,20260914,1,20260915,1,20260916,1,20260917,1,20260918,1,20260921,1,20260922,1,20260923,1,20260924,1,20260925,1,20260928,1,20260929,1,20260930,1,20261001,1,20261002,1,20261005,1,20261006,1,20261007,1,20261008,1,20261009,1,20261013,1,20261014,1,20261015,1,20261016,1,20261019,1,20261020,1,20261021,1,20261022,1,20261023,1,20261026,1,20261027,1,20261028,1,20261029,1,20261030,1,20261102,1,20261103,1,20261104,1,20261105,1,20261106,1,20261109,1,20261110,1,20261111,1,20261112,1,20261113,1,20261116,1,20261117,1,20261118,1,20261119,1,20261120,1,20261123,1,20261124,1,20261125,1,20261126,1,20261127,1,20261130,1,20261201,1,20261202,1,20261203,1,20261204,1,20261207,1,20261208,1,20261209,1,20261210,1,20261211,1,20261214,1,20261215,1,20261216,1,20261217,1,20261218,1,20261221,1,20261222,1,20261223,1,20261224,1,20261228,1,20261229,1,20261230,1,20261231,1,20270104,1,20270105,1,20270106,1,20270107,1,20270108,1,20270111,1,20270112,1,20270113,1,20270114,1,20270115,1,20270118,1,20270119,1,20270120,1,20270121,1,20270122,1,20270125,1,20270126,1,20270127,1,20270128,1,20270129,1,20270201,1,20270202,1,20270203,1,20270204,1,20270205,1,20270208,1,20270209,1,20270210,1,20270211,1,20270212,1,20270216,1,20270217,1,20270218,1,20270219,1,20270222,1,20270223,1,20270224,1,20270225,1,20270226,1,20270301,1,20270302,1,20270303,1,20270304,1,20270305,1,20270308,1,20270309,1,20270310,1,20270311,1,20270312,1,20270315,1,20270316,1,20270317,1,20270318,1,20270319,1,20270322,1,20270323,1,20270324,1,20270325,1,20270329,1,20270330,1,20270331,1,20270401,1,20270402,1,20270405,1,20270406,1,20270407,1,20270408,1,20270409,1,20270412,1,20270413,1,20270414,1,20270415,1,20270416,1,20270419,1,20270420,1,20270421,1,20270422,1,20270423,1,20270426,1,20270427,1,20270428,1,20270429,1,20270430,1,20270503,1,20270504,1,20270505,1,20270506,1,20270507,1,20270510,1,20270511,1,20270512,1,20270513,1,20270514,1,20270517,1,20270518,1,20270519,1,20270520,1,20270521,1,20270525,1,20270526,1
'1346492',20260826,1,20260827,1,20260828,1,20260831,1,20260901,1,20260902,1,20260903,1,20260904,1,20260908,1,20260909,1,20260910,1,20260911,1,20260914,1,20260915,1,20260916,1,20260917,1,20260918,1,20260921,1,20260922,1,20260923,1,20260924,1,20260925,1,20260928,1,20260929,1,20260930,1,20261001,1,20261002,1,20261005,1,20261006,1,20261007,1,20261008,1,20261009,1,20261013,1,20261014,1,20261015,1,20261016,1,20261019,1,20261020,1,20261021,1,20261022,1,20261023,1,20261026,1,20261027,1,20261028,1,20261029,1,20261030,1,20261102,1,20261103,1,20261104,1,20261105,1,20261106,1,20261109,1,20261110,1,20261111,1,20261112,1,20261113,1,20261116,1,20261117,1,20261118,1,20261119,1,20261120,1,20261123,1,20261124,1,20261125,1,20261126,1,20261127,1,20261130,1,20261201,1,20261202,1,20261203,1,20261204,1,20261207,1,20261208,1,20261209,1,20261210,1,20261211,1,20261214,1,20261215,1,20261216,1,20261217,1,20261218,1,20261221,1,20261222,1,20261223,1,20261224,1,20261228,1,20261229,1,20261230,1,20261231,1,20270104,1,20270105,1,20270106,1,20270107,1,20270108,1,20270111,1,20270112,1,20270113,1,20270114,1,20270115,1,20270118,1,20270119,1,20270120,1,20270121,1,20270122,1,20270125,1,20270126,1,20270127,1,20270128,1,20270129,1,20270201,1,20270202,1,20270203,1,20270204,1,20270205,1,20270208,1,20270209,1,20270210,1,20270211,1,20270212,1,20270216,1,20270217,1,20270218,1,20270219,1,20270222,1,20270223,1,20270224,1,20270225,1,20270226,1,20270301,1,20270302,1,20270303,1,20270304,1,20270305,1,20270308,1,20270309,1,20270310,1,20270311,1,20270312,1,20270315,1,20270316,1,20270317,1,20270318,1,20270319,1,20270322,1,20270323,1,20270324,1,20270325,1,20270329,1,20270330,1,20270331,1,20270401,1,20270402,1,20270405,1,20270406,1,20270407,1,20270408,1,20270409,1,20270412,1,20270413,1,20270414,1,20270415,1,20270416,1,20270419,1,20270420,1,20270421,1,20270422,1,20270423,1,20270426,1,20270427,1,20270428,1,20270429,1,20270430,1,20270503,1,20270504,1,20270505,1,20270506,1,20270507,1,20270510,1,20270511,1,20270512,1,20270513,1,20270514,1,20270517,1,20270518,1,20270519,1,20270520,1,20270521,1,20270525,1,20270526,1
'1346493',20260830,1,20260906,1,20260913,1,20260920,1,20260927,1,20261004,1,20261011,1,20261018,1,20261025,1,20261101,1,20261108,1,20261115,1,20261122,1,20261129,1,20261206,1,20261213,1,20261220,1,20261227,1,20270103,1,20270110,1,20270117,1,20270124,1,20270131,1,20270207,1,20270214,1,20270221,1,20270228,1,20270307,1,20270314,1,20270321,1,20270328,1,20270404,1,20270411,1,20270418,1,20270425,1,20270502,1,20270509,1,20270516,1,20270523,1
'1346494',20260830,1,20260906,1,20260913,1,20260920,1,20260927,1,20261004,1,20261011,1,20261018,1,20261025,1,20261101,1,20261108,1,20261115,1,20261122,1,20261129,1,20261206,1,20261213,1,20261220,1,20261227,1,20270103,1,20270110,1,20270117,1,20270124,1,20270131,1,20270207,1,20270214,1,20270221,1,20270228,1,20270307,1,20270314,1,20270321,1,20270328,1,20270404,1,20270411,1,20270418,1,20270425,1,20270502,1,20270509,1,20270516,1,20270523,1
'1346495',20260829,1,20260905,1,20260912,1,20260919,1,20260926,1,20261003,1,20261010,1,20261017,1,20261024,1,20261031,1,20261107,1,20261114,1,20261121,1,20261128,1,20261205,1,20261212,1,20261219,1,20270102,1,20270109,1,20270116,1,20270123,1,20270130,1,20270206,1,20270213,1,20270220,1,20270227,1,20270306,1,20270313,1,20270320,1,20270327,1,20270403,1,20270410,1,20270417,1,20270424,1,20270501,1,20270508,1,20270515,1,20270522,1
'1346496',20260826,1,20260827,1,20260828,1,20260831,1,20260901,1,20260902,1,20260903,1,20260904,1,20260908,1,20260909,1,20260910,1,20260911,1,20260914,1,20260915,1,20260916,1,20260917,1,20260918,1,20260921,1,20260922,1,20260923,1,20260924,1,20260925,1,20260928,1,20260929,1,20260930,1,20261001,1,20261002,1,20261005,1,20261006,1,20261007,1,20261008,1,20261009,1,20261013,1,20261014,1,20261015,1,20261016,1,20261019,1,20261020,1,20261021,1,20261022,1,20261023,1,20261026,1,20261027,1,20261028,1,20261029,1,20261030,1,20261102,1,20261103,1,20261104,1,20261105,1,20261106,1,20261109,1,20261110,1,20261111,1,20261112,1,20261113,1,20261116,1,20261117,1,20261118,1,20261119,1,20261120,1,20261123,1,20261124,1,20261125,1,20261126,1,20261127,1,20261130,1,20261201,1,20261202,1,20261203,1,20261204,1,20261207,1,20261208,1,20261209,1,20261210,1,20261211,1,20261214,1,20261215,1,20261216,1,20261217,1,20261218,1,20261221,1,20261222,1,20261223,1,20261224,1,20261228,1,20261229,1,20261230,1,20261231,1,20270104,1,20270105,1,20270106,1,20270107,1,20270108,1,20270111,1,20270112,1,20270113,1,20270114,1,20270115,1,20270118,1,20270119,1,20270120,1,20270121,1,20270122,1,20270125,1,20270126,1,20270127,1,20270128,1,20270129,1,20270201,1,20270202,1,20270203,1,20270204,1,20270205,1,20270208,1,20270209,1,20270210,1,20270211,1,20270212,1,20270216,1,20270217,1,20270218,1,20270219,1,20270222,1,20270223,1,20270224,1,20270225,1,20270226,1,20270301,1,20270302,1,20270303,1,20270304,1,20270305,1,20270308,1,20270309,1,20270310,1,20270311,1,20270312,1,20270315,1,20270316,1,20270317,1,20270318,1,20270319,1,20270322,1,20270323,1,20270324,1,20270325,1,20270329,1,20270330,1,20270331,1,20270401,1,20270402,1,20270405,1,20270406,1,20270407,1,20270408,1,20270409,1,20270412,1,20270413,1,20270414,1,20270415,1,20270416,1,20270419,1,20270420,1,20270421,1,20270422,1,20270423,1,20270426,1,20270427,1,20270428,1,20270429,1,20270430,1,20270503,1,20270504,1,20270505,1,20270506,1,20270507,1,20270510,1,20270511,1,20270512,1,20270513,1,20270514,1,20270517,1,20270518,1,20270519,1,20270520,1,20270521,1,20270525,1,20270526,1
'1346498',20260830,1,20260906,1,20260913,1,20260920,1,20260927,1,20261004,1,20261011,1,20261018,1,20261025,1,20261101,1,20261108,1,20261115,1,20261122,1,20261129,1,20261206,1,20261213,1,20261220,1,20261227,1,20270103,1,20270110,1,20270117,1,20270124,1,20270131,1,20270207,1,20270214,1,20270221,1,20270228,1,20270307,1,20270314,1,20270321,1,20270328,1,20270404,1,20270411,1,20270418,1,20270425,1,20270502,1,20270509,1,20270516,1,20270523,1
'1346500',20260829,1,20260905,1,20260912,1,20260919,1,20260926,1,20261003,1,20261010,1,20261017,1,20261024,1,20261031,1,20261107,1,20261114,1,20261121,1,20261128,1,20261205,1,20261212,1,20261219,1,20270102,1,20270109,1,20270116,1,20270123,1,20270130,1,20270206,1,20270213,1,20270220,1,20270227,1,20270306,1,20270313,1,20270320,1,20270327,1,20270403,1,20270410,1,20270417,1,20270424,1,20270501,1,20270508,1,20270515,1,20270522,1
'1346501',20260829,1,20260905,1,20260912,1,20260919,1,20260926,1,20261003,1,20261010,1,20261017,1,20261024,1,20261031,1,20261107,1,20261114,1,20261121,1,20261128,1,20261205,1,20261212,1,20261219,1,20270102,1,20270109,1,20270116,1,20270123,1,20270130,1,20270206,1,20270213,1,20270220,1,20270227,1,20270306,1,20270313,1,20270320,1,20270327,1,20270403,1,20270410,1,20270417,1,20270424,1,20270501,1,20270508,1,20270515,1,20270522,1
'1346502',20260829,1,20260905,1,20260912,1,20260919,1,20260926,1,20261003,1,20261010,1,20261017,1,20261024,1,20261031,1,20261107,1,20261114,1,20261121,1,20261128,1,20261205,1,20261212,1,20261219,1,20270102,1,20270109,1,20270116,1,20270123,1,20270130,1,20270206,1,20270213,1,20270220,1,20270227,1,20270306,1,20270313,1,20270320,1,20270327,1,20270403,1,20270410,1,20270417,1,20270424,1,20270501,1,20270508,1,20270515,1,20270522,1
'1346503',20260826,1,20260827,1,20260828,1,20260831,1,20260901,1,20260902,1,20260903,1,20260904,1,20260908,1,20260909,1,20260910,1,20260911,1,20260914,1,20260915,1,20260916,1,20260917,1,20260918,1,20260921,1,20260922,1,20260923,1,20260924,1,20260925,1,20260928,1,20260929,1,20260930,1,20261001,1,20261002,1,20261005,1,20261006,1,20261007,1,20261008,1,20261009,1,20261013,1,20261014,1,20261015,1,20261016,1,20261019,1,20261020,1,20261021,1,20261022,1,20261023,1,20261026,1,20261027,1,20261028,1,20261029,1,20261030,1,20261102,1,20261103,1,20261104,1,20261105,1,20261106,1,20261109,1,20261110,1,20261111,1,20261112,1,20261113,1,20261116,1,20261117,1,20261118,1,20261119,1,20261120,1,20261123,1,20261124,1,20261125,1,20261126,1,20261127,1,20261130,1,20261201,1,20261202,1,20261203,1,20261204,1,20261207,1,20261208,1,20261209,1,20261210,1,20261211,1,20261214,1,20261215,1,20261216,1,20261217,1,20261218,1,20261221,1,20261222,1,20261223,1,20261224,1,20261228,1,20261229,1,20261230,1,20261231,1,20270104,1,20270105,1,20270106,1,20270107,1,20270108,1,20270111,1,20270112,1,20270113,1,20270114,1,20270115,1,20270118,1,20270119,1,20270120,1,20270121,1,20270122,1,20270125,1,20270126,1,20270127,1,20270128,1,20270129,1,20270201,1,20270202,1,20270203,1,20270204,1,20270205,1,20270208,1,20270209,1,20270210,1,20270211,1,20270212,1,20270216,1,20270217,1,20270218,1,20270219,1,20270222,1,20270223,1,20270224,1,20270225,1,20270226,1,20270301,1,20270302,1,20270303,1,20270304,1,20270305,1,20270308,1,20270309,1,20270310,1,20270311,1,20270312,1,20270315,1,20270316,1,20270317,1,20270318,1,20270319,1,20270322,1,20270323,1,20270324,1,20270325,1,20270329,1,20270330,1,20270331,1,20270401,1,20270402,1,20270405,1,20270406,1,20270407,1,20270408,1,20270409,1,20270412,1,20270413,1,20270414,1,20270415,1,20270416,1,20270419,1,20270420,1,20270421,1,20270422,1,20270423,1,20270426,1,20270427,1,20270428,1,20270429,1,20270430,1,20270503,1,20270504,1,20270505,1,20270506,1,20270507,1,20270510,1,20270511,1,20270512,1,20270513,1,20270514,1,20270517,1,20270518,1,20270519,1,20270520,1,20270521,1,20270525,1,20270526,1
'1346504',20260829,1,20260905,1,20260912,1,20260919,1,20260926,1,20261003,1,20261010,1,20261017,1,20261024,1,20261031,1,20261107,1,20261114,1,20261121,1,20261128,1,20261205,1,20261212,1,20261219,1,20270102,1,20270109,1,20270116,1,20270123,1,20270130,1,20270206,1,20270213,1,20270220,1,20270227,1,20270306,1,20270313,1,20270320,1,20270327,1,20270403,1,20270410,1,20270417,1,20270424,1,20270501,1,20270508,1,20270515,1,20270522,1
'1346505',20260826,1,20260827,1,20260828,1,20260831,1,20260901,1,20260902,1,20260903,1,20260904,1,20260908,1,20260909,1,20260910,1,20260911,1,20260914,1,20260915,1,20260916,1,20260917,1,20260918,1,20260921,1,20260922,1,20260923,1,20260924,1,20260925,1,20260928,1,20260929,1,20260930,1,20261001,1,20261002,1,20261005,1,20261006,1,20261007,1,20261008,1,20261009,1,20261013,1,20261014,1,20261015,1,20261016,1,20261019,1,20261020,1,20261021,1,20261022,1,20261023,1,20261026,1,20261027,1,20261028,1,20261029,1,20261030,1,20261102,1,20261103,1,20261104,1,20261105,1,20261106,1,20261109,1,20261110,1,20261111,1,20261112,1,20261113,1,20261116,1,20261117,1,20261118,1,20261119,1,20261120,1,20261123,1,20261124,1,20261125,1,20261126,1,20261127,1,20261130,1,20261201,1,20261202,1,20261203,1,20261204,1,20261207,1,20261208,1,20261209,1,20261210,1,20261211,1,20261214,1,20261215,1,20261216,1,20261217,1,20261218,1,20261221,1,20261222,1,20261223,1,20261224,1,20261228,1,20261229,1,20261230,1,20261231,1,20270104,1,20270105,1,20270106,1,20270107,1,20270108,1,20270111,1,20270112,1,20270113,1,20270114,1,20270115,1,20270118,1,20270119,1,20270120,1,20270121,1,20270122,1,20270125,1,20270126,1,20270127,1,20270128,1,20270129,1,20270201,1,20270202,1,20270203,1,20270204,1,20270205,1,20270208,1,20270209,1,20270210,1,20270211,1,20270212,1,20270216,1,20270217,1,20270218,1,20270219,1,20270222,1,20270223,1,20270224,1,20270225,1,20270226,1,20270301,1,20270302,1,20270303,1,20270304,1,20270305,1,20270308,1,20270309,1,20270310,1,20270311,1,20270312,1,20270315,1,20270316,1,20270317,1,20270318,1,20270319,1,20270322,1,20270323,1,20270324,1,20270325,1,20270329,1,20270330,1,20270331,1,20270401,1,20270402,1,20270405,1,20270406,1,20270407,1,20270408,1,20270409,1,20270412,1,20270413,1,20270414,1,20270415,1,20270416,1,20270419,1,20270420,1,20270421,1,20270422,1,20270423,1,20270426,1,20270427,1,20270428,1,20270429,1,20270430,1,20270503,1,20270504,1,20270505,1,20270506,1,20270507,1,20270510,1,20270511,1,20270512,1,20270513,1,20270514,1,20270517,1,20270518,1,20270519,1,20270520,1,20270521,1,20270525,1,20270526,1
'1346506',20260826,1,20260827,1,20260828,1,20260831,1,20260901,1,20260902,1,20260903,1,20260904,1,20260908,1,20260909,1,20260910,1,20260911,1,20260914,1,20260915,1,20260916,1,20260917,1,20260918,1,20260921,1,20260922,1,20260923,1,20260924,1,20260925,1,20260928,1,20260929,1,20260930,1,20261001,1,20261002,1,20261005,1,20261006,1,20261007,1,20261008,1,20261009,1,20261013,1,20261014,1,20261015,1,20261016,1,20261019,1,20261020,1,20261021,1,20261022,1,20261023,1,20261026,1,20261027,1,20261028,1,20261029,1,20261030,1,20261102,1,20261103,1,20261104,1,20261105,1,20261106,1,20261109,1,20261110,1,20261111,1,20261112,1,20261113,1,20261116,1,20261117,1,20261118,1,20261119,1,20261120,1,20261123,1,20261124,1,20261125,1,20261126,1,20261127,1,20261130,1,20261201,1,20261202,1,20261203,1,20261204,1,20261207,1,20261208,1,20261209,1,20261210,1,20261211,1,20261214,1,20261215,1,20261216,1,20261217,1,20261218,1,20261221,1,20261222,1,20261223,1,20261224,1,20261228,1,20261229,1,20261230,1,20261231,1,20270104,1,20270105,1,20270106,1,20270107,1,20270108,1,20270111,1,20270112,1,20270113,1,20270114,1,20270115,1,20270118,1,20270119,1,20270120,1,20270121,1,20270122,1,20270125,1,20270126,1,20270127,1,20270128,1,20270129,1,20270201,1,20270202,1,20270203,1,20270204,1,20270205,1,20270208,1,20270209,1,20270210,1,20270211,1,20270212,1,20270216,1,20270217,1,20270218,1,20270219,1,20270222,1,20270223,1,20270224,1,20270225,1,20270226,1,20270301,1,20270302,1,20270303,1,20270304,1,20270305,1,20270308,1,20270309,1,20270310,1,20270311,1,20270312,1,20270315,1,20270316,1,20270317,1,20270318,1,20270319,1,20270322,1,20270323,1,20270324,1,20270325,1,20270329,1,20270330,1,20270331,1,20270401,1,20270402,1,20270405,1,20270406,1,20270407,1,20270408,1,20270409,1,20270412,1,20270413,1,20270414,1,20270415,1,20270416,1,20270419,1,20270420,1,20270421,1,20270422,1,20270423,1,20270426,1,20270427,1,20270428,1,20270429,1,20270430,1,20270503,1,20270504,1,20270505,1,20270506,1,20270507,1,20270510,1,20270511,1,20270512,1,20270513,1,20270514,1,20270517,1,20270518,1,20270519,1,20270520,1,20270521,1,20270525,1,20270526,1
'1346507',20260830,1,20260906,1,20260913,1,20260920,1,20260927,1,20261004,1,20261011,1,20261018,1,20261025,1,20261101,1,20261108,1,20261115,1,20261122,1,20261129,1,20261206,1,20261213,1,20261220,1,20261227,1,20270103,1,20270110,1,20270117,1,20270124,1,20270131,1,20270207,1,20270214,1,20270221,1,20270228,1,20270307,1,20270314,1,20270321,1,20270328,1,20270404,1,20270411,1,20270418,1,20270425,1,20270502,1,20270509,1,20270516,1,20270523,1
'1346508',20260826,1,20260827,1,20260828,1,20260831,1,20260901,1,20260902,1,20260903,1,20260904,1,20260908,1,20260909,1,20260910,1,20260911,1,20260914,1,20260915,1,20260916,1,20260917,1,20260918,1,20260921,1,20260922,1,20260923,1,20260924,1,20260925,1,20260928,1,20260929,1,20260930,1,20261001,1,20261002,1,20261005,1,20261006,1,20261007,1,20261008,1,20261009,1,20261013,1,20261014,1,20261015,1,20261016,1,20261019,1,20261020,1,20261021,1,20261022,1,20261023,1,20261026,1,20261027,1,20261028,1,20261029,1,20261030,1,20261102,1,20261103,1,20261104,1,20261105,1,20261106,1,20261109,1,20261110,1,20261111,1,20261112,1,20261113,1,20261116,1,20261117,1,20261118,1,20261119,1,20261120,1,20261123,1,20261124,1,20261125,1,20261126,1,20261127,1,20261130,1,20261201,1,20261202,1,20261203,1,20261204,1,20261207,1,20261208,1,20261209,1,20261210,1,20261211,1,20261214,1,20261215,1,20261216,1,20261217,1,20261218,1,20261221,1,20261222,1,20261223,1,20261224,1,20261228,1,20261229,1,20261230,1,20261231,1,20270104,1,20270105,1,20270106,1,20270107,1,20270108,1,20270111,1,20270112,1,20270113,1,20270114,1,20270115,1,20270118,1,20270119,1,20270120,1,20270121,1,20270122,1,20270125,1,20270126,1,20270127,1,20270128,1,20270129,1,20270201,1,20270202,1,20270203,1,20270204,1,20270205,1,20270208,1,20270209,1,20270210,1,20270211,1,20270212,1,20270216,1,20270217,1,20270218,1,20270219,1,20270222,1,20270223,1,20270224,1,20270225,1,20270226,1,20270301,1,20270302,1,20270303,1,20270304,1,20270305,1,20270308,1,20270309,1,20270310,1,20270311,1,20270312,1,20270315,1,20270316,1,20270317,1,20270318,1,20270319,1,20270322,1,20270323,1,20270324,1,20270325,1,20270329,1,20270330,1,20270331,1,20270401,1,20270402,1,20270405,1,20270406,1,20270407,1,20270408,1,20270409,1,20270412,1,20270413,1,20270414,1,20270415,1,20270416,1,20270419,1,20270420,1,20270421,1,20270422,1,20270423,1,20270426,1,20270427,1,20270428,1,20270429,1,20270430,1,20270503,1,20270504,1,20270505,1,20270506,1,20270507,1,20270510,1,20270511,1,20270512,1,20270513,1,20270514,1,20270517,1,20270518,1,20270519,1,20270520,1,20270521,1,20270525,1,20270526,1
'1346510',20260830,1,20260906,1,20260913,1,20260920,1,20260927,1,20261004,1,20261011,1,20261018,1,20261025,1,20261101,1,20261108,1,20261115,1,20261122,1,20261129,1,20261206,1,20261213,1,20261220,1,20261227,1,20270103,1,20270110,1,20270117,1,20270124,1,20270131,1,20270207,1,20270214,1,20270221,1,20270228,1,20270307,1,20270314,1,20270321,1,20270328,1,20270404,1,20270411,1,20270418,1,20270425,1,20270502,1,20270509,1,20270516,1,20270523,1
'1346511',20260826,1,20260827,1,20260828,1,20260831,1,20260901,1,20260902,1,20260903,1,20260904,1,20260908,1,20260909,1,20260910,1,20260911,1,20260914,1,20260915,1,20260916,1,20260917,1,20260918,1,20260921,1,20260922,1,20260923,1,20260924,1,20260925,1,20260928,1,20260929,1,20260930,1,20261001,1,20261002,1,20261005,1,20261006,1,20261007,1,20261008,1,20261009,1,20261013,1,20261014,1,20261015,1,20261016,1,20261019,1,20261020,1,20261021,1,20261022,1,20261023,1,20261026,1,20261027,1,20261028,1,20261029,1,20261030,1,20261102,1,20261103,1,20261104,1,20261105,1,20261106,1,20261109,1,20261110,1,20261111,1,20261112,1,20261113,1,20261116,1,20261117,1,20261118,1,20261119,1,20261120,1,20261123,1,20261124,1,20261125,1,20261126,1,20261127,1,20261130,1,20261201,1,20261202,1,20261203,1,20261204,1,20261207,1,20261208,1,20261209,1,20261210,1,20261211,1,20261214,1,20261215,1,20261216,1,20261217,1,20261218,1,20261221,1,20261222,1,20261223,1,20261224,1,20261228,1,20261229,1,20261230,1,20261231,1,20270104,1,20270105,1,20270106,1,20270107,1,20270108,1,20270111,1,20270112,1,20270113,1,20270114,1,20270115,1,20270118,1,20270119,1,20270120,1,20270121,1,20270122,1,20270125,1,20270126,1,20270127,1,20270128,1,20270129,1,20270201,1,20270202,1,20270203,1,20270204,1,20270205,1,20270208,1,20270209,1,20270210,1,20270211,1,20270212,1,20270216,1,20270217,1,20270218,1,20270219,1,20270222,1,20270223,1,20270224,1,20270225,1,20270226,1,20270301,1,20270302,1,20270303,1,20270304,1,20270305,1,20270308,1,20270309,1,20270310,1,20270311,1,20270312,1,20270315,1,20270316,1,20270317,1,20270318,1,20270319,1,20270322,1,20270323,1,20270324,1,20270325,1,20270329,1,20270330,1,20270331,1,20270401,1,20270402,1,20270405,1,20270406,1,20270407,1,20270408,1,20270409,1,20270412,1,20270413,1,20270414,1,20270415,1,20270416,1,20270419,1,20270420,1,20270421,1,20270422,1,20270423,1,20270426,1,20270427,1,20270428,1,20270429,1,20270430,1,20270503,1,20270504,1,20270505,1,20270506,1,20270507,1,20270510,1,20270511,1,20270512,1,20270513,1,20270514,1,20270517,1,20270518,1,20270519,1,20270520,1,20270521,1,20270525,1,20270526,1
'1346512',20260826,1,20260827,1,20260828,1,20260831,1,20260901,1,20260902,1,20260903,1,20260904,1,20260908,1,20260909,1,20260910,1,20260911,1,20260914,1,20260915,1,20260916,1,20260917,1,20260918,1,20260921,1,20260922,1,20260923,1,20260924,1,20260925,1,20260928,1,20260929,1,20260930,1,20261001,1,20261002,1,20261005,1,20261006,1,20261007,1,20261008,1,20261009,1,20261013,1,20261014,1,20261015,1,20261016,1,20261019,1,20261020,1,20261021,1,20261022,1,20261023,1,20261026,1,20261027,1,20261028,1,20261029,1,20261030,1,20261102,1,20261103,1,20261104,1,20261105,1,20261106,1,20261109,1,20261110,1,20261111,1,20261112,1,20261113,1,20261116,1,20261117,1,20261118,1,20261119,1,20261120,1,20261123,1,20261124,1,20261125,1,20261126,1,20261127,1,20261130,1,20261201,1,20261202,1,20261203,1,20261204,1,20261207,1,20261208,1,20261209,1,20261210,1,20261211,1,20261214,1,20261215,1,20261216,1,20261217,1,20261218,1,20261221,1,20261222,1,20261223,1,20261224,1,20261228,1,20261229,1,20261230,1,20261231,1,20270104,1,20270105,1,20270106,1,20270107,1,20270108,1,20270111,1,20270112,1,20270113,1,20270114,1,20270115,1,20270118,1,20270119,1,20270120,1,20270121,1,20270122,1,20270125,1,20270126,1,20270127,1,20270128,1,20270129,1,20270201,1,20270202,1,20270203,1,20270204,1,20270205,1,20270208,1,20270209,1,20270210,1,20270211,1,20270212,1,20270216,1,20270217,1,20270218,1,20270219,1,20270222,1,20270223,1,20270224,1,20270225,1,20270226,1,20270301,1,20270302,1,20270303,1,20270304,1,20270305,1,20270308,1,20270309,1,20270310,1,20270311,1,20270312,1,20270315,1,20270316,1,20270317,1,20270318,1,20270319,1,20270322,1,20270323,1,20270324,1,20270325,1,20270329,1,20270330,1,20270331,1,20270401,1,20270402,1,20270405,1,20270406,1,20270407,1,20270408,1,20270409,1,20270412,1,20270413,1,20270414,1,20270415,1,20270416,1,20270419,1,20270420,1,20270421,1,20270422,1,20270423,1,20270426,1,20270427,1,20270428,1,20270429,1,20270430,1,20270503,1,20270504,1,20270505,1,20270506,1,20270507,1,20270510,1,20270511,1,20270512,1,20270513,1,20270514,1,20270517,1,20270518,1,20270519,1,20270520,1,20270521,1,20270525,1,20270526,1
'1346513',20260829,1,20260905,1,20260912,1,20260919,1,20260926,1,20261003,1,20261010,1,20261017,1,20261024,1,20261031,1,20261107,1,20261114,1,20261121,1,20261128,1,20261205,1,20261212,1,20261219,1,20270102,1,20270109,1,20270116,1,20270123,1,20270130,1,20270206,1,20270213,1,20270220,1,20270227,1,20270306,1,20270313,1,20270320,1,20270327,1,20270403,1,20270410,1,20270417,1,20270424,1,20270501,1,20270508,1,20270515,1,20270522,1
'1346514',20260826,1,20260827,1,20260828,1,20260831,1,20260901,1,20260902,1,20260903,1,20260904,1,20260908,1,20260909,1,20260910,1,20260911,1,20260914,1,20260915,1,20260916,1,20260917,1,20260918,1,20260921,1,20260922,1,20260923,1,20260924,1,20260925,1,20260928,1,20260929,1,20260930,1,20261001,1,20261002,1,20261005,1,20261006,1,20261007,1,20261008,1,20261009,1,20261013,1,20261014,1,20261015,1,20261016,1,20261019,1,20261020,1,20261021,1,20261022,1,20261023,1,20261026,1,20261027,1,20261028,1,20261029,1,20261030,1,20261102,1,20261103,1,20261104,1,20261105,1,20261106,1,20261109,1,20261110,1,20261111,1,20261112,1,20261113,1,20261116,1,20261117,1,20261118,1,20261119,1,20261120,1,20261123,1,20261124,1,20261125,1,20261126,1,20261127,1,20261130,1,20261201,1,20261202,1,20261203,1,20261204,1,20261207,1,20261208,1,20261209,1,20261210,1,20261211,1,20261214,1,20261215,1,20261216,1,20261217,1,20261218,1,20261221,1,20261222,1,20261223,1,20261224,1,20261228,1,20261229,1,20261230,1,20261231,1,20270104,1,20270105,1,20270106,1,20270107,1,20270108,1,20270111,1,20270112,1,20270113,1,20270114,1,20270115,1,20270118,1,20270119,1,20270120,1,20270121,1,20270122,1,20270125,1,20270126,1,20270127,1,20270128,1,20270129,1,20270201,1,20270202,1,20270203,1,20270204,1,20270205,1,20270208,1,20270209,1,20270210,1,20270211,1,20270212,1,20270216,1,20270217,1,20270218,1,20270219,1,20270222,1,20270223,1,20270224,1,20270225,1,20270226,1,20270301,1,20270302,1,20270303,1,20270304,1,20270305,1,20270308,1,20270309,1,20270310,1,20270311,1,20270312,1,20270315,1,20270316,1,20270317,1,20270318,1,20270319,1,20270322,1,20270323,1,20270324,1,20270325,1,20270329,1,20270330,1,20270331,1,20270401,1,20270402,1,20270405,1,20270406,1,20270407,1,20270408,1,20270409,1,20270412,1,20270413,1,20270414,1,20270415,1,20270416,1,20270419,1,20270420,1,20270421,1,20270422,1,20270423,1,20270426,1,20270427,1,20270428,1,20270429,1,20270430,1,20270503,1,20270504,1,20270505,1,20270506,1,20270507,1,20270510,1,20270511,1,20270512,1,20270513,1,20270514,1,20270517,1,20270518,1,20270519,1,20270520,1,20270521,1,20270525,1,20270526,1
'1346517',20260829,1,20260905,1,20260912,1,20260919,1,20260926,1,20261003,1,20261010,1,20261017,1,20261024,1,20261031,1,20261107,1,20261114,1,20261121,1,20261128,1,20261205,1,20261212,1,20261219,1,20270102,1,20270109,1,20270116,1,20270123,1,20270130,1,20270206,1,20270213,1,20270220,1,20270227,1,20270306,1,20270313,1,20270320,1,20270327,1,20270403,1,20270410,1,20270417,1,20270424,1,20270501,1,20270508,1,20270515,1,20270522,1
'1346518',20260830,1,20260906,1,20260913,1,20260920,1,20260927,1,20261004,1,20261011,1,20261018,1,20261025,1,20261101,1,20261108,1,20261115,1,20261122,1,20261129,1,20261206,1,20261213,1,20261220,1,20261227,1,20270103,1,20270110,1,20270117,1,20270124,1,20270131,1,20270207,1,20270214,1,20270221,1,20270228,1,20270307,1,20270314,1,20270321,1,20270328,1,20270404,1,20270411,1,20270418,1,20270425,1,20270502,1,20270509,1,20270516,1,20270523,1
'1346520',20260830,1,20260906,1,20260913,1,20260920,1,20260927,1,20261004,1,20261011,1,20261018,1,20261025,1,20261101,1,20261108,1,20261115,1,20261122,1,20261129,1,20261206,1,20261213,1,20261220,1,20261227,1,20270103,1,20270110,1,20270117,1,20270124,1,20270131,1,20270207,1,20270214,1,20270221,1,20270228,1,20270307,1,20270314,1,20270321,1,20270328,1,20270404,1,20270411,1,20270418,1,20270425,1,20270502,1,20270509,1,20270516,1,20270523,1
'1346521',20260829,1,20260905,1,20260912,1,20260919,1,20260926,1,20261003,1,20261010,1,20261017,1,20261024,1,20261031,1,20261107,1,20261114,1,20261121,1,20261128,1,20261205,1,20261212,1,20261219,1,20270102,1,20270109,1,20270116,1,20270123,1,20270130,1,20270206,1,20270213,1,20270220,1,20270227,1,20270306,1,20270313,1,20270320,1,20270327,1,20270403,1,20270410,1,20270417,1,20270424,1,20270501,1,20270508,1,20270515,1,20270522,1
'1346522',20260830,1,20260906,1,20260913,1,20260920,1,20260927,1,20261004,1,20261011,1,20261018,1,20261025,1,20261101,1,20261108,1,20261115,1,20261122,1,20261129,1,20261206,1,20261213,1,20261220,1,20261227,1,20270103,1,20270110,1,20270117,1,20270124,1,20270131,1,20270207,1,20270214,1,20270221,1,20270228,1,20270307,1,20270314,1,20270321,1,20270328,1,20270404,1,20270411,1,20270418,1,20270425,1,20270502,1,20270509,1,20270516,1,20270523,1
'1346523',20260830,1,20260906,1,20260913,1,20260920,1,20260927,1,20261004,1,20261011,1,20261018,1,20261025,1,20261101,1,20261108,1,20261115,1,20261122,1,20261129,1,20261206,1,20261213,1,20261220,1,20261227,1,20270103,1,20270110,1,20270117,1,20270124,1,20270131,1,20270207,1,20270214,1,20270221,1,20270228,1,20270307,1,20270314,1,20270321,1,20270328,1,20270404,1,20270411,1,20270418,1,20270425,1,20270502,1,20270509,1,20270516,1,20270523,1
'1346524',20260826,1,20260827,1,20260828,1,20260831,1,20260901,1,20260902,1,20260903,1,20260904,1,20260908,1,20260909,1,20260910,1,20260911,1,20260914,1,20260915,1,20260916,1,20260917,1,20260918,1,20260921,1,20260922,1,20260923,1,20260924,1,20260925,1,20260928,1,20260929,1,20260930,1,20261001,1,20261002,1,20261005,1,20261006,1,20261007,1,20261008,1,20261009,1,20261013,1,20261014,1,20261015,1,20261016,1,20261019,1,20261020,1,20261021,1,20261022,1,20261023,1,20261026,1,20261027,1,20261028,1,20261029,1,20261030,1,20261102,1,20261103,1,20261104,1,20261105,1,20261106,1,20261109,1,20261110,1,20261111,1,20261112,1,20261113,1,20261116,1,20261117,1,20261118,1,20261119,1,20261120,1,20261123,1,20261124,1,20261125,1,20261126,1,20261127,1,20261130,1,20261201,1,20261202,1,20261203,1,20261204,1,20261207,1,20261208,1,20261209,1,20261210,1,20261211,1,20261214,1,20261215,1,20261216,1,20261217,1,20261218,1,20261221,1,20261222,1,20261223,1,20261224,1,20261228,1,20261229,1,20261230,1,20261231,1,20270104,1,20270105,1,20270106,1,20270107,1,20270108,1,20270111,1,20270112,1,20270113,1,20270114,1,20270115,1,20270118,1,20270119,1,20270120,1,20270121,1,20270122,1,20270125,1,20270126,1,20270127,1,20270128,1,20270129,1,20270201,1,20270202,1,20270203,1,20270204,1,20270205,1,20270208,1,20270209,1,20270210,1,20270211,1,20270212,1,20270216,1,20270217,1,20270218,1,20270219,1,20270222,1,20270223,1,20270224,1,20270225,1,20270226,1,20270301,1,20270302,1,20270303,1,20270304,1,20270305,1,20270308,1,20270309,1,20270310,1,20270311,1,20270312,1,20270315,1,20270316,1,20270317,1,20270318,1,20270319,1,20270322,1,20270323,1,20270324,1,20270325,1,20270329,1,20270330,1,20270331,1,20270401,1,20270402,1,20270405,1,20270406,1,20270407,1,20270408,1,20270409,1,20270412,1,20270413,1,20270414,1,20270415,1,20270416,1,20270419,1,20270420,1,20270421,1,20270422,1,20270423,1,20270426,1,20270427,1,20270428,1,20270429,1,20270430,1,20270503,1,20270504,1,20270505,1,20270506,1,20270507,1,20270510,1,20270511,1,20270512,1,20270513,1,20270514,1,20270517,1,20270518,1,20270519,1,20270520,1,20270521,1,20270525,1,20270526,1
'1346525',20260826,1,20260827,1,20260828,1,20260831,1,20260901,1,20260902,1,20260903,1,20260904,1,20260908,1,20260909,1,20260910,1,20260911,1,20260914,1,20260915,1,20260916,1,20260917,1,20260918,1,20260921,1,20260922,1,20260923,1,20260924,1,20260925,1,20260928,1,20260929,1,20260930,1,20261001,1,20261002,1,20261005,1,20261006,1,20261007,1,20261008,1,20261009,1,20261013,1,20261014,1,20261015,1,20261016,1,20261019,1,20261020,1,20261021,1,20261022,1,20261023,1,20261026,1,20261027,1,20261028,1,20261029,1,20261030,1,20261102,1,20261103,1,20261104,1,20261105,1,20261106,1,20261109,1,20261110,1,20261111,1,20261112,1,20261113,1,20261116,1,20261117,1,20261118,1,20261119,1,20261120,1,20261123,1,20261124,1,20261125,1,20261126,1,20261127,1,20261130,1,20261201,1,20261202,1,20261203,1,20261204,1,20261207,1,20261208,1,20261209,1,20261210,1,20261211,1,20261214,1,20261215,1,20261216,1,20261217,1,20261218,1,20261221,1,20261222,1,20261223,1,20261224,1,20261228,1,20261229,1,20261230,1,20261231,1,20270104,1,20270105,1,20270106,1,20270107,1,20270108,1,20270111,1,20270112,1,20270113,1,20270114,1,20270115,1,20270118,1,20270119,1,20270120,1,20270121,1,20270122,1,20270125,1,20270126,1,20270127,1,20270128,1,20270129,1,20270201,1,20270202,1,20270203,1,20270204,1,20270205,1,20270208,1,20270209,1,20270210,1,20270211,1,20270212,1,20270216,1,20270217,1,20270218,1,20270219,1,20270222,1,20270223,1,20270224,1,20270225,1,20270226,1,20270301,1,20270302,1,20270303,1,20270304,1,20270305,1,20270308,1,20270309,1,20270310,1,20270311,1,20270312,1,20270315,1,20270316,1,20270317,1,20270318,1,20270319,1,20270322,1,20270323,1,20270324,1,20270325,1,20270329,1,20270330,1,20270331,1,20270401,1,20270402,1,20270405,1,20270406,1,20270407,1,20270408,1,20270409,1,20270412,1,20270413,1,20270414,1,20270415,1,20270416,1,20270419,1,20270420,1,20270421,1,20270422,1,20270423,1,20270426,1,20270427,1,20270428,1,20270429,1,20270430,1,20270503,1,20270504,1,20270505,1,20270506,1,20270507,1,20270510,1,20270511,1,20270512,1,20270513,1,20270514,1,20270517,1,20270518,1,20270519,1,20270520,1,20270521,1,20270525,1,20270526,1
'1346526',20260829,1,20260905,1,20260912,1,20260919,1,20260926,1,20261003,1,20261010,1,20261017,1,20261024,1,20261031,1,20261107,1,20261114,1,20261121,1,20261128,1,20261205,1,20261212,1,20261219,1,20270102,1,20270109,1,20270116,1,20270123,1,20270130,1,20270206,1,20270213,1,20270220,1,20270227,1,20270306,1,20270313,1,20270320,1,20270327,1,20270403,1,20270410,1,20270417,1,20270424,1,20270501,1,20270508,1,20270515,1,20270522,1
'1346527',20260829,1,20260905,1,20260912,1,20260919,1,20260926,1,20261003,1,20261010,1,20261017,1,20261024,1,20261031,1,20261107,1,20261114,1,20261121,1,20261128,1,20261205,1,20261212,1,20261219,1,20270102,1,20270109,1,20270116,1,20270123,1,20270130,1,20270206,1,20270213,1,20270220,1,20270227,1,20270306,1,20270313,1,20270320,1,20270327,1,20270403,1,20270410,1,20270417,1,20270424,1,20270501,1,20270508,1,20270515,1,20270522,1
'1346528',20260826,1,20260827,1,20260828,1,20260831,1,20260901,1,20260902,1,20260903,1,20260904,1,20260908,1,20260909,1,20260910,1,20260911,1,20260914,1,20260915,1,20260916,1,20260917,1,20260918,1,20260921,1,20260922,1,20260923,1,20260924,1,20260925,1,20260928,1,20260929,1,20260930,1,20261001,1,20261002,1,20261005,1,20261006,1,20261007,1,20261008,1,20261009,1,20261013,1,20261014,1,20261015,1,20261016,1,20261019,1,20261020,1,20261021,1,20261022,1,20261023,1,20261026,1,20261027,1,20261028,1,20261029,1,20261030,1,20261102,1,20261103,1,20261104,1,20261105,1,20261106,1,20261109,1,20261110,1,20261111,1,20261112,1,20261113,1,20261116,1,20261117,1,20261118,1,20261119,1,20261120,1,20261123,1,20261124,1,20261125,1,20261126,1,20261127,1,20261130,1,20261201,1,20261202,1,20261203,1,20261204,1,20261207,1,20261208,1,20261209,1,20261210,1,20261211,1,20261214,1,20261215,1,20261216,1,20261217,1,20261218,1,20261221,1,20261222,1,20261223,1,20261224,1,20261228,1,20261229,1,20261230,1,20261231,1,20270104,1,20270105,1,20270106,1,20270107,1,20270108,1,20270111,1,20270112,1,20270113,1,20270114,1,20270115,1,20270118,1,20270119,1,20270120,1,20270121,1,20270122,1,20270125,1,20270126,1,20270127,1,20270128,1,20270129,1,20270201,1,20270202,1,20270203,1,20270204,1,20270205,1,20270208,1,20270209,1,20270210,1,20270211,1,20270212,1,20270216,1,20270217,1,20270218,1,20270219,1,20270222,1,20270223,1,20270224,1,20270225,1,20270226,1,20270301,1,20270302,1,20270303,1,20270304,1,20270305,1,20270308,1,20270309,1,20270310,1,20270311,1,20270312,1,20270315,1,20270316,1,20270317,1,20270318,1,20270319,1,20270322,1,20270323,1,20270324,1,20270325,1,20270329,1,20270330,1,20270331,1,20270401,1,20270402,1,20270405,1,20270406,1,20270407,1,20270408,1,20270409,1,20270412,1,20270413,1,20270414,1,20270415,1,20270416,1,20270419,1,20270420,1,20270421,1,20270422,1,20270423,1,20270426,1,20270427,1,20270428,1,20270429,1,20270430,1,20270503,1,20270504,1,20270505,1,20270506,1,20270507,1,20270510,1,20270511,1,20270512,1,20270513,1,20270514,1,20270517,1,20270518,1,20270519,1,20270520,1,20270521,1,20270525,1,20270526,1
'1346530',20260826,1,20260827,1,20260828,1,20260831,1,20260901,1,20260902,1,20260903,1,20260904,1,20260908,1,20260909,1,20260910,1,20260911,1,20260914,1,20260915,1,20260916,1,20260917,1,20260918,1,20260921,1,20260922,1,20260923,1,20260924,1,20260925,1,20260928,1,20260929,1,20260930,1,20261001,1,20261002,1,20261005,1,20261006,1,20261007,1,20261008,1,20261009,1,20261013,1,20261014,1,20261015,1,20261016,1,20261019,1,20261020,1,20261021,1,20261022,1,20261023,1,20261026,1,20261027,1,20261028,1,20261029,1,20261030,1,20261102,1,20261103,1,20261104,1,20261105,1,20261106,1,20261109,1,20261110,1,20261111,1,20261112,1,20261113,1,20261116,1,20261117,1,20261118,1,20261119,1,20261120,1,20261123,1,20261124,1,20261125,1,20261126,1,20261127,1,20261130,1,20261201,1,20261202,1,20261203,1,20261204,1,20261207,1,20261208,1,20261209,1,20261210,1,20261211,1,20261214,1,20261215,1,20261216,1,20261217,1,20261218,1,20261221,1,20261222,1,20261223,1,20261224,1,20261228,1,20261229,1,20261230,1,20261231,1,20270104,1,20270105,1,20270106,1,20270107,1,20270108,1,20270111,1,20270112,1,20270113,1,20270114,1,20270115,1,20270118,1,20270119,1,20270120,1,20270121,1,20270122,1,20270125,1,20270126,1,20270127,1,20270128,1,20270129,1,20270201,1,20270202,1,20270203,1,20270204,1,20270205,1,20270208,1,20270209,1,20270210,1,20270211,1,20270212,1,20270216,1,20270217,1,20270218,1,20270219,1,20270222,1,20270223,1,20270224,1,20270225,1,20270226,1,20270301,1,20270302,1,20270303,1,20270304,1,20270305,1,20270308,1,20270309,1,20270310,1,20270311,1,20270312,1,20270315,1,20270316,1,20270317,1,20270318,1,20270319,1,20270322,1,20270323,1,20270324,1,20270325,1,20270329,1,20270330,1,20270331,1,20270401,1,20270402,1,20270405,1,20270406,1,20270407,1,20270408,1,20270409,1,20270412,1,20270413,1,20270414,1,20270415,1,20270416,1,20270419,1,20270420,1,20270421,1,20270422,1,20270423,1,20270426,1,20270427,1,20270428,1,20270429,1,20270430,1,20270503,1,20270504,1,20270505,1,20270506,1,20270507,1,20270510,1,20270511,1,20270512,1,20270513,1,20270514,1,20270517,1,20270518,1,20270519,1,20270520,1,20270521,1,20270525,1,20270526,1
'1346532',20260829,1,20260905,1,20260912,1,20260919,1,20260926,1,20261003,1,20261010,1,20261017,1,20261024,1,20261031,1,20261107,1,20261114,1,20261121,1,20261128,1,20261205,1,20261212,1,20261219,1,20270102,1,20270109,1,20270116,1,20270123,1,20270130,1,20270206,1,20270213,1,20270220,1,20270227,1,20270306,1,20270313,1,20270320,1,20270327,1,20270403,1,20270410,1,20270417,1,20270424,1,20270501,1,20270508,1,20270515,1,20270522,1
'1346533',20260826,1,20260827,1,20260828,1,20260831,1,20260901,1,20260902,1,20260903,1,20260904,1,20260908,1,20260909,1,20260910,1,20260911,1,20260914,1,20260915,1,20260916,1,20260917,1,20260918,1,20260921,1,20260922,1,20260923,1,20260924,1,20260925,1,20260928,1,20260929,1,20260930,1,20261001,1,20261002,1,20261005,1,20261006,1,20261007,1,20261008,1,20261009,1,20261013,1,20261014,1,20261015,1,20261016,1,20261019,1,20261020,1,20261021,1,20261022,1,20261023,1,20261026,1,20261027,1,20261028,1,20261029,1,20261030,1,20261102,1,20261103,1,20261104,1,20261105,1,20261106,1,20261109,1,20261110,1,20261111,1,20261112,1,20261113,1,20261116,1,20261117,1,20261118,1,20261119,1,20261120,1,20261123,1,20261124,1,20261125,1,20261126,1,20261127,1,20261130,1,20261201,1,20261202,1,20261203,1,20261204,1,20261207,1,20261208,1,20261209,1,20261210,1,20261211,1,20261214,1,20261215,1,20261216,1,20261217,1,20261218,1,20261221,1,20261222,1,20261223,1,20261224,1,20261228,1,20261229,1,20261230,1,20261231,1,20270104,1,20270105,1,20270106,1,20270107,1,20270108,1,20270111,1,20270112,1,20270113,1,20270114,1,20270115,1,20270118,1,20270119,1,20270120,1,20270121,1,20270122,1,20270125,1,20270126,1,20270127,1,20270128,1,20270129,1,20270201,1,20270202,1,20270203,1,20270204,1,20270205,1,20270208,1,20270209,1,20270210,1,20270211,1,20270212,1,20270216,1,20270217,1,20270218,1,20270219,1,20270222,1,20270223,1,20270224,1,20270225,1,20270226,1,20270301,1,20270302,1,20270303,1,20270304,1,20270305,1,20270308,1,20270309,1,20270310,1,20270311,1,20270312,1,20270315,1,20270316,1,20270317,1,20270318,1,20270319,1,20270322,1,20270323,1,20270324,1,20270325,1,20270329,1,20270330,1,20270331,1,20270401,1,20270402,1,20270405,1,20270406,1,20270407,1,20270408,1,20270409,1,20270412,1,20270413,1,20270414,1,20270415,1,20270416,1,20270419,1,20270420,1,20270421,1,20270422,1,20270423,1,20270426,1,20270427,1,20270428,1,20270429,1,20270430,1,20270503,1,20270504,1,20270505,1,20270506,1,20270507,1,20270510,1,20270511,1,20270512,1,20270513,1,20270514,1,20270517,1,20270518,1,20270519,1,20270520,1,20270521,1,20270525,1,20270526,1
'1346535',20260830,1,20260906,1,20260913,1,20260920,1,20260927,1,20261004,1,20261011,1,20261018,1,20261025,1,20261101,1,20261108,1,20261115,1,20261122,1,20261129,1,20261206,1,20261213,1,20261220,1,20261227,1,20270103,1,20270110,1,20270117,1,20270124,1,20270131,1,20270207,1,20270214,1,20270221,1,20270228,1,20270307,1,20270314,1,20270321,1,20270328,1,20270404,1,20270411,1,20270418,1,20270425,1,20270502,1,20270509,1,20270516,1,20270523,1
'1346536',20260826,1,20260827,1,20260828,1,20260831,1,20260901,1,20260902,1,20260903,1,20260904,1,20260908,1,20260909,1,20260910,1,20260911,1,20260914,1,20260915,1,20260916,1,20260917,1,20260918,1,20260921,1,20260922,1,20260923,1,20260924,1,20260925,1,20260928,1,20260929,1,20260930,1,20261001,1,20261002,1,20261005,1,20261006,1,20261007,1,20261008,1,20261009,1,20261013,1,20261014,1,20261015,1,20261016,1,20261019,1,20261020,1,20261021,1,20261022,1,20261023,1,20261026,1,20261027,1,20261028,1,20261029,1,20261030,1,20261102,1,20261103,1,20261104,1,20261105,1,20261106,1,20261109,1,20261110,1,20261111,1,20261112,1,20261113,1,20261116,1,20261117,1,20261118,1,20261119,1,20261120,1,20261123,1,20261124,1,20261125,1,20261126,1,20261127,1,20261130,1,20261201,1,20261202,1,20261203,1,20261204,1,20261207,1,20261208,1,20261209,1,20261210,1,20261211,1,20261214,1,20261215,1,20261216,1,20261217,1,20261218,1,20261221,1,20261222,1,20261223,1,20261224,1,20261228,1,20261229,1,20261230,1,20261231,1,20270104,1,20270105,1,20270106,1,20270107,1,20270108,1,20270111,1,20270112,1,20270113,1,20270114,1,20270115,1,20270118,1,20270119,1,20270120,1,20270121,1,20270122,1,20270125,1,20270126,1,20270127,1,20270128,1,20270129,1,20270201,1,20270202,1,20270203,1,20270204,1,20270205,1,20270208,1,20270209,1,20270210,1,20270211,1,20270212,1,20270216,1,20270217,1,20270218,1,20270219,1,20270222,1,20270223,1,20270224,1,20270225,1,20270226,1,20270301,1,20270302,1,20270303,1,20270304,1,20270305,1,20270308,1,20270309,1,20270310,1,20270311,1,20270312,1,20270315,1,20270316,1,20270317,1,20270318,1,20270319,1,20270322,1,20270323,1,20270324,1,20270325,1,20270329,1,20270330,1,20270331,1,20270401,1,20270402,1,20270405,1,20270406,1,20270407,1,20270408,1,20270409,1,20270412,1,20270413,1,20270414,1,20270415,1,20270416,1,20270419,1,20270420,1,20270421,1,20270422,1,20270423,1,20270426,1,20270427,1,20270428,1,20270429,1,20270430,1,20270503,1,20270504,1,20270505,1,20270506,1,20270507,1,20270510,1,20270511,1,20270512,1,20270513,1,20270514,1,20270517,1,20270518,1,20270519,1,20270520,1,20270521,1,20270525,1,20270526,1
'1346537',20260826,1,20260827,1,20260828,1,20260831,1,20260901,1,20260902,1,20260903,1,20260904,1,20260908,1,20260909,1,20260910,1,20260911,1,20260914,1,20260915,1,20260916,1,20260917,1,20260918,1,20260921,1,20260922,1,20260923,1,20260924,1,20260925,1,20260928,1,20260929,1,20260930,1,20261001,1,20261002,1,20261005,1,20261006,1,20261007,1,20261008,1,20261009,1,20261013,1,20261014,1,20261015,1,20261016,1,20261019,1,20261020,1,20261021,1,20261022,1,20261023,1,20261026,1,20261027,1,20261028,1,20261029,1,20261030,1,20261102,1,20261103,1,20261104,1,20261105,1,20261106,1,20261109,1,20261110,1,20261111,1,20261112,1,20261113,1,20261116,1,20261117,1,20261118,1,20261119,1,20261120,1,20261123,1,20261124,1,20261125,1,20261126,1,20261127,1,20261130,1,20261201,1,20261202,1,20261203,1,20261204,1,20261207,1,20261208,1,20261209,1,20261210,1,20261211,1,20261214,1,20261215,1,20261216,1,20261217,1,20261218,1,20261221,1,20261222,1,20261223,1,20261224,1,20261228,1,20261229,1,20261230,1,20261231,1,20270104,1,20270105,1,20270106,1,20270107,1,20270108,1,20270111,1,20270112,1,20270113,1,20270114,1,20270115,1,20270118,1,20270119,1,20270120,1,20270121,1,20270122,1,20270125,1,20270126,1,20270127,1,20270128,1,20270129,1,20270201,1,20270202,1,20270203,1,20270204,1,20270205,1,20270208,1,20270209,1,20270210,1,20270211,1,20270212,1,20270216,1,20270217,1,20270218,1,20270219,1,20270222,1,20270223,1,20270224,1,20270225,1,20270226,1,20270301,1,20270302,1,20270303,1,20270304,1,20270305,1,20270308,1,20270309,1,20270310,1,20270311,1,20270312,1,20270315,1,20270316,1,20270317,1,20270318,1,20270319,1,20270322,1,20270323,1,20270324,1,20270325,1,20270329,1,20270330,1,20270331,1,20270401,1,20270402,1,20270405,1,20270406,1,20270407,1,20270408,1,20270409,1,20270412,1,20270413,1,20270414,1,20270415,1,20270416,1,20270419,1,20270420,1,20270421,1,20270422,1,20270423,1,20270426,1,20270427,1,20270428,1,20270429,1,20270430,1,20270503,1,20270504,1,20270505,1,20270506,1,20270507,1,20270510,1,20270511,1,20270512,1,20270513,1,20270514,1,20270517,1,20270518,1,20270519,1,20270520,1,20270521,1,20270525,1,20270526,1
'1346538',20260829,1,20260905,1,20260912,1,20260919,1,20260926,1,20261003,1,20261010,1,20261017,1,20261024,1,20261031,1,20261107,1,20261114,1,20261121,1,20261128,1,20261205,1,20261212,1,20261219,1,20270102,1,20270109,1,20270116,1,20270123,1,20270130,1,20270206,1,20270213,1,20270220,1,20270227,1,20270306,1,20270313,1,20270320,1,20270327,1,20270403,1,20270410,1,20270417,1,20270424,1,20270501,1,20270508,1,20270515,1,20270522,1
'1346539',20260830,1,20260906,1,20260913,1,20260920,1,20260927,1,20261004,1,20261011,1,20261018,1,20261025,1,20261101,1,20261108,1,20261115,1,20261122,1,20261129,1,20261206,1,20261213,1,20261220,1,20261227,1,20270103,1,20270110,1,20270117,1,20270124,1,20270131,1,20270207,1,20270214,1,20270221,1,20270228,1,20270307,1,20270314,1,20270321,1,20270328,1,20270404,1,20270411,1,20270418,1,20270425,1,20270502,1,20270509,1,20270516,1,20270523,1
'1346540',20260830,1,20260906,1,20260913,1,20260920,1,20260927,1,20261004,1,20261011,1,20261018,1,20261025,1,20261101,1,20261108,1,20261115,1,20261122,1,20261129,1,20261206,1,20261213,1,20261220,1,20261227,1,20270103,1,20270110,1,20270117,1,20270124,1,20270131,1,20270207,1,20270214,1,20270221,1,20270228,1,20270307,1,20270314,1,20270321,1,20270328,1,20270404,1,20270411,1,20270418,1,20270425,1,20270502,1,20270509,1,20270516,1,20270523,1
'1346541',20260829,1,20260905,1,20260912,1,20260919,1,20260926,1,20261003,1,20261010,1,20261017,1,20261024,1,20261031,1,20261107,1,20261114,1,20261121,1,20261128,1,20261205,1,20261212,1,20261219,1,20270102,1,20270109,1,20270116,1,20270123,1,20270130,1,20270206,1,20270213,1,20270220,1,20270227,1,20270306,1,20270313,1,20270320,1,20270327,1,20270403,1,20270410,1,20270417,1,20270424,1,20270501,1,20270508,1,20270515,1,20270522,1
'1346542',20260826,1,20260827,1,20260828,1,20260831,1,20260901,1,20260902,1,20260903,1,20260904,1,20260908,1,20260909,1,20260910,1,20260911,1,20260914,1,20260915,1,20260916,1,20260917,1,20260918,1,20260921,1,20260922,1,20260923,1,20260924,1,20260925,1,20260928,1,20260929,1,20260930,1,20261001,1,20261002,1,20261005,1,20261006,1,20261007,1,20261008,1,20261009,1,20261013,1,20261014,1,20261015,1,20261016,1,20261019,1,20261020,1,20261021,1,20261022,1,20261023,1,20261026,1,20261027,1,20261028,1,20261029,1,20261030,1,20261102,1,20261103,1,20261104,1,20261105,1,20261106,1,20261109,1,20261110,1,20261111,1,20261112,1,20261113,1,20261116,1,20261117,1,20261118,1,20261119,1,20261120,1,20261123,1,20261124,1,20261125,1,20261126,1,20261127,1,20261130,1,20261201,1,20261202,1,20261203,1,20261204,1,20261207,1,20261208,1,20261209,1,20261210,1,20261211,1,20261214,1,20261215,1,20261216,1,20261217,1,20261218,1,20261221,1,20261222,1,20261223,1,20261224,1,20261228,1,20261229,1,20261230,1,20261231,1,20270104,1,20270105,1,20270106,1,20270107,1,20270108,1,20270111,1,20270112,1,20270113,1,20270114,1,20270115,1,20270118,1,20270119,1,20270120,1,20270121,1,20270122,1,20270125,1,20270126,1,20270127,1,20270128,1,20270129,1,20270201,1,20270202,1,20270203,1,20270204,1,20270205,1,20270208,1,20270209,1,20270210,1,20270211,1,20270212,1,20270216,1,20270217,1,20270218,1,20270219,1,20270222,1,20270223,1,20270224,1,20270225,1,20270226,1,20270301,1,20270302,1,20270303,1,20270304,1,20270305,1,20270308,1,20270309,1,20270310,1,20270311,1,20270312,1,20270315,1,20270316,1,20270317,1,20270318,1,20270319,1,20270322,1,20270323,1,20270324,1,20270325,1,20270329,1,20270330,1,20270331,1,20270401,1,20270402,1,20270405,1,20270406,1,20270407,1,20270408,1,20270409,1,20270412,1,20270413,1,20270414,1,20270415,1,20270416,1,20270419,1,20270420,1,20270421,1,20270422,1,20270423,1,20270426,1,20270427,1,20270428,1,20270429,1,20270430,1,20270503,1,20270504,1,20270505,1,20270506,1,20270507,1,20270510,1,20270511,1,20270512,1,20270513,1,20270514,1,20270517,1,20270518,1,20270519,1,20270520,1,20270521,1,20270525,1,20270526,1
'1346543',20260826,1,20260827,1,20260828,1,20260831,1,20260901,1,20260902,1,20260903,1,20260904,1,20260908,1,20260909,1,20260910,1,20260911,1,20260914,1,20260915,1,20260916,1,20260917,1,20260918,1,20260921,1,20260922,1,20260923,1,20260924,1,20260925,1,20260928,1,20260929,1,20260930,1,20261001,1,20261002,1,20261005,1,20261006,1,20261007,1,20261008,1,20261009,1,20261013,1,20261014,1,20261015,1,20261016,1,20261019,1,20261020,1,20261021,1,20261022,1,20261023,1,20261026,1,20261027,1,20261028,1,20261029,1,20261030,1,20261102,1,20261103,1,20261104,1,20261105,1,20261106,1,20261109,1,20261110,1,20261111,1,20261112,1,20261113,1,20261116,1,20261117,1,20261118,1,20261119,1,20261120,1,20261123,1,20261124,1,20261125,1,20261126,1,20261127,1,20261130,1,20261201,1,20261202,1,20261203,1,20261204,1,20261207,1,20261208,1,20261209,1,20261210,1,20261211,1,20261214,1,20261215,1,20261216,1,20261217,1,20261218,1,20261221,1,20261222,1,20261223,1,20261224,1,20261228,1,20261229,1,20261230,1,20261231,1,20270104,1,20270105,1,20270106,1,20270107,1,20270108,1,20270111,1,20270112,1,20270113,1,20270114,1,20270115,1,20270118,1,20270119,1,20270120,1,20270121,1,20270122,1,20270125,1,20270126,1,20270127,1,20270128,1,20270129,1,20270201,1,20270202,1,20270203,1,20270204,1,20270205,1,20270208,1,20270209,1,20270210,1,20270211,1,20270212,1,20270216,1,20270217,1,20270218,1,20270219,1,20270222,1,20270223,1,20270224,1,20270225,1,20270226,1,20270301,1,20270302,1,20270303,1,20270304,1,20270305,1,20270308,1,20270309,1,20270310,1,20270311,1,20270312,1,20270315,1,20270316,1,20270317,1,20270318,1,20270319,1,20270322,1,20270323,1,20270324,1,20270325,1,20270329,1,20270330,1,20270331,1,20270401,1,20270402,1,20270405,1,20270406,1,20270407,1,20270408,1,20270409,1,20270412,1,20270413,1,20270414,1,20270415,1,20270416,1,20270419,1,20270420,1,20270421,1,20270422,1,20270423,1,20270426,1,20270427,1,20270428,1,20270429,1,20270430,1,20270503,1,20270504,1,20270505,1,20270506,1,20270507,1,20270510,1,20270511,1,20270512,1,20270513,1,20270514,1,20270517,1,20270518,1,20270519,1,20270520,1,20270521,1,20270525,1,20270526,1
'1346544',20260830,1,20260906,1,20260913,1,20260920,1,20260927,1,20261004,1,20261011,1,20261018,1,20261025,1,20261101,1,20261108,1,20261115,1,20261122,1,20261129,1,20261206,1,20261213,1,20261220,1,20261227,1,20270103,1,20270110,1,20270117,1,20270124,1,20270131,1,20270207,1,20270214,1,20270221,1,20270228,1,20270307,1,20270314,1,20270321,1,20270328,1,20270404,1,20270411,1,20270418,1,20270425,1,20270502,1,20270509,1,20270516,1,20270523,1
'1346545',20260826,1,20260827,1,20260828,1,20260831,1,20260901,1,20260902,1,20260903,1,20260904,1,20260908,1,20260909,1,20260910,1,20260911,1,20260914,1,20260915,1,20260916,1,20260917,1,20260918,1,20260921,1,20260922,1,20260923,1,20260924,1,20260925,1,20260928,1,20260929,1,20260930,1,20261001,1,20261002,1,20261005,1,20261006,1,20261007,1,20261008,1,20261009,1,20261013,1,20261014,1,20261015,1,20261016,1,20261019,1,20261020,1,20261021,1,20261022,1,20261023,1,20261026,1,20261027,1,20261028,1,20261029,1,20261030,1,20261102,1,20261103,1,20261104,1,20261105,1,20261106,1,20261109,1,20261110,1,20261111,1,20261112,1,20261113,1,20261116,1,20261117,1,20261118,1,20261119,1,20261120,1,20261123,1,20261124,1,20261125,1,20261126,1,20261127,1,20261130,1,20261201,1,20261202,1,20261203,1,20261204,1,20261207,1,20261208,1,20261209,1,20261210,1,20261211,1,20261214,1,20261215,1,20261216,1,20261217,1,20261218,1,20261221,1,20261222,1,20261223,1,20261224,1,20261228,1,20261229,1,20261230,1,20261231,1,20270104,1,20270105,1,20270106,1,20270107,1,20270108,1,20270111,1,20270112,1,20270113,1,20270114,1,20270115,1,20270118,1,20270119,1,20270120,1,20270121,1,20270122,1,20270125,1,20270126,1,20270127,1,20270128,1,20270129,1,20270201,1,20270202,1,20270203,1,20270204,1,20270205,1,20270208,1,20270209,1,20270210,1,20270211,1,20270212,1,20270216,1,20270217,1,20270218,1,20270219,1,20270222,1,20270223,1,20270224,1,20270225,1,20270226,1,20270301,1,20270302,1,20270303,1,20270304,1,20270305,1,20270308,1,20270309,1,20270310,1,20270311,1,20270312,1,20270315,1,20270316,1,20270317,1,20270318,1,20270319,1,20270322,1,20270323,1,20270324,1,20270325,1,20270329,1,20270330,1,20270331,1,20270401,1,20270402,1,20270405,1,20270406,1,20270407,1,20270408,1,20270409,1,20270412,1,20270413,1,20270414,1,20270415,1,20270416,1,20270419,1,20270420,1,20270421,1,20270422,1,20270423,1,20270426,1,20270427,1,20270428,1,20270429,1,20270430,1,20270503,1,20270504,1,20270505,1,20270506,1,20270507,1,20270510,1,20270511,1,20270512,1,20270513,1,20270514,1,20270517,1,20270518,1,20270519,1,20270520,1,20270521,1,20270525,1,20270526,1
'1346546',20260826,1,20260827,1,20260828,1,20260831,1,20260901,1,20260902,1,20260903,1,20260904,1,20260908,1,20260909,1,20260910,1,20260911,1,20260914,1,20260915,1,20260916,1,20260917,1,20260918,1,20260921,1,20260922,1,20260923,1,20260924,1,20260925,1,20260928,1,20260929,1,20260930,1,20261001,1,20261002,1,20261005,1,20261006,1,20261007,1,20261008,1,20261009,1,20261013,1,20261014,1,20261015,1,20261016,1,20261019,1,20261020,1,20261021,1,20261022,1,20261023,1,20261026,1,20261027,1,20261028,1,20261029,1,20261030,1,20261102,1,20261103,1,20261104,1,20261105,1,20261106,1,20261109,1,20261110,1,20261111,1,20261112,1,20261113,1,20261116,1,20261117,1,20261118,1,20261119,1,20261120,1,20261123,1,20261124,1,20261125,1,20261126,1,20261127,1,20261130,1,20261201,1,20261202,1,20261203,1,20261204,1,20261207,1,20261208,1,20261209,1,20261210,1,20261211,1,20261214,1,20261215,1,20261216,1,20261217,1,20261218,1,20261221,1,20261222,1,20261223,1,20261224,1,20261228,1,20261229,1,20261230,1,20261231,1,20270104,1,20270105,1,20270106,1,20270107,1,20270108,1,20270111,1,20270112,1,20270113,1,20270114,1,20270115,1,20270118,1,20270119,1,20270120,1,20270121,1,20270122,1,20270125,1,20270126,1,20270127,1,20270128,1,20270129,1,20270201,1,20270202,1,20270203,1,20270204,1,20270205,1,20270208,1,20270209,1,20270210,1,20270211,1,20270212,1,20270216,1,20270217,1,20270218,1,20270219,1,20270222,1,20270223,1,20270224,1,20270225,1,20270226,1,20270301,1,20270302,1,20270303,1,20270304,1,20270305,1,20270308,1,20270309,1,20270310,1,20270311,1,20270312,1,20270315,1,20270316,1,20270317,1,20270318,1,20270319,1,20270322,1,20270323,1,20270324,1,20270325,1,20270329,1,20270330,1,20270331,1,20270401,1,20270402,1,20270405,1,20270406,1,20270407,1,20270408,1,20270409,1,20270412,1,20270413,1,20270414,1,20270415,1,20270416,1,20270419,1,20270420,1,20270421,1,20270422,1,20270423,1,20270426,1,20270427,1,20270428,1,20270429,1,20270430,1,20270503,1,20270504,1,20270505,1,20270506,1,20270507,1,20270510,1,20270511,1,20270512,1,20270513,1,20270514,1,20270517,1,20270518,1,20270519,1,20270520,1,20270521,1,20270525,1,20270526,1
'1346547',20260826,1,20260827,1,20260828,1,20260831,1,20260901,1,20260902,1,20260903,1,20260904,1,20260908,1,20260909,1,20260910,1,20260911,1,20260914,1,20260915,1,20260916,1,20260917,1,20260918,1,20260921,1,20260922,1,20260923,1,20260924,1,20260925,1,20260928,1,20260929,1,20260930,1,20261001,1,20261002,1,20261005,1,20261006,1,20261007,1,20261008,1,20261009,1,20261013,1,20261014,1,20261015,1,20261016,1,20261019,1,20261020,1,20261021,1,20261022,1,20261023,1,20261026,1,20261027,1,20261028,1,20261029,1,20261030,1,20261102,1,20261103,1,20261104,1,20261105,1,20261106,1,20261109,1,20261110,1,20261111,1,20261112,1,20261113,1,20261116,1,20261117,1,20261118,1,20261119,1,20261120,1,20261123,1,20261124,1,20261125,1,20261126,1,20261127,1,20261130,1,20261201,1,20261202,1,20261203,1,20261204,1,20261207,1,20261208,1,20261209,1,20261210,1,20261211,1,20261214,1,20261215,1,20261216,1,20261217,1,20261218,1,20261221,1,20261222,1,20261223,1,20261224,1,20261228,1,20261229,1,20261230,1,20261231,1,20270104,1,20270105,1,20270106,1,20270107,1,20270108,1,20270111,1,20270112,1,20270113,1,20270114,1,20270115,1,20270118,1,20270119,1,20270120,1,20270121,1,20270122,1,20270125,1,20270126,1,20270127,1,20270128,1,20270129,1,20270201,1,20270202,1,20270203,1,20270204,1,20270205,1,20270208,1,20270209,1,20270210,1,20270211,1,20270212,1,20270216,1,20270217,1,20270218,1,20270219,1,20270222,1,20270223,1,20270224,1,20270225,1,20270226,1,20270301,1,20270302,1,20270303,1,20270304,1,20270305,1,20270308,1,20270309,1,20270310,1,20270311,1,20270312,1,20270315,1,20270316,1,20270317,1,20270318,1,20270319,1,20270322,1,20270323,1,20270324,1,20270325,1,20270329,1,20270330,1,20270331,1,20270401,1,20270402,1,20270405,1,20270406,1,20270407,1,20270408,1,20270409,1,20270412,1,20270413,1,20270414,1,20270415,1,20270416,1,20270419,1,20270420,1,20270421,1,20270422,1,20270423,1,20270426,1,20270427,1,20270428,1,20270429,1,20270430,1,20270503,1,20270504,1,20270505,1,20270506,1,20270507,1,20270510,1,20270511,1,20270512,1,20270513,1,20270514,1,20270517,1,20270518,1,20270519,1,20270520,1,20270521,1,20270525,1,20270526,1
'1346548',20260826,1,20260827,1,20260828,1,20260831,1,20260901,1,20260902,1,20260903,1,20260904,1,20260908,1,20260909,1,20260910,1,20260911,1,20260914,1,20260915,1,20260916,1,20260917,1,20260918,1,20260921,1,20260922,1,20260923,1,20260924,1,20260925,1,20260928,1,20260929,1,20260930,1,20261001,1,20261002,1,20261005,1,20261006,1,20261007,1,20261008,1,20261009,1,20261013,1,20261014,1,20261015,1,20261016,1,20261019,1,20261020,1,20261021,1,20261022,1,20261023,1,20261026,1,20261027,1,20261028,1,20261029,1,20261030,1,20261102,1,20261103,1,20261104,1,20261105,1,20261106,1,20261109,1,20261110,1,20261111,1,20261112,1,20261113,1,20261116,1,20261117,1,20261118,1,20261119,1,20261120,1,20261123,1,20261124,1,20261125,1,20261126,1,20261127,1,20261130,1,20261201,1,20261202,1,20261203,1,20261204,1,20261207,1,20261208,1,20261209,1,20261210,1,20261211,1,20261214,1,20261215,1,20261216,1,20261217,1,20261218,1,20261221,1,20261222,1,20261223,1,20261224,1,20261228,1,20261229,1,20261230,1,20261231,1,20270104,1,20270105,1,20270106,1,20270107,1,20270108,1,20270111,1,20270112,1,20270113,1,20270114,1,20270115,1,20270118,1,20270119,1,20270120,1,20270121,1,20270122,1,20270125,1,20270126,1,20270127,1,20270128,1,20270129,1,20270201,1,20270202,1,20270203,1,20270204,1,20270205,1,20270208,1,20270209,1,20270210,1,20270211,1,20270212,1,20270216,1,20270217,1,20270218,1,20270219,1,20270222,1,20270223,1,20270224,1,20270225,1,20270226,1,20270301,1,20270302,1,20270303,1,20270304,1,20270305,1,20270308,1,20270309,1,20270310,1,20270311,1,20270312,1,20270315,1,20270316,1,20270317,1,20270318,1,20270319,1,20270322,1,20270323,1,20270324,1,20270325,1,20270329,1,20270330,1,20270331,1,20270401,1,20270402,1,20270405,1,20270406,1,20270407,1,20270408,1,20270409,1,20270412,1,20270413,1,20270414,1,20270415,1,20270416,1,20270419,1,20270420,1,20270421,1,20270422,1,20270423,1,20270426,1,20270427,1,20270428,1,20270429,1,20270430,1,20270503,1,20270504,1,20270505,1,20270506,1,20270507,1,20270510,1,20270511,1,20270512,1,20270513,1,20270514,1,20270517,1,20270518,1,20270519,1,20270520,1,20270521,1,20270525,1,20270526,1
'1346549',20260830,1,20260906,1,20260913,1,20260920,1,20260927,1,20261004,1,20261011,1,20261018,1,20261025,1,20261101,1,20261108,1,20261115,1,20261122,1,20261129,1,20261206,1,20261213,1,20261220,1,20261227,1,20270103,1,20270110,1,20270117,1,20270124,1,20270131,1,20270207,1,20270214,1,20270221,1,20270228,1,20270307,1,20270314,1,20270321,1,20270328,1,20270404,1,20270411,1,20270418,1,20270425,1,20270502,1,20270509,1,20270516,1,20270523,1
'1346550',20260826,1,20260827,1,20260828,1,20260831,1,20260901,1,20260902,1,20260903,1,20260904,1,20260908,1,20260909,1,20260910,1,20260911,1,20260914,1,20260915,1,20260916,1,20260917,1,20260918,1,20260921,1,20260922,1,20260923,1,20260924,1,20260925,1,20260928,1,20260929,1,20260930,1,20261001,1,20261002,1,20261005,1,20261006,1,20261007,1,20261008,1,20261009,1,20261013,1,20261014,1,20261015,1,20261016,1,20261019,1,20261020,1,20261021,1,20261022,1,20261023,1,20261026,1,20261027,1,20261028,1,20261029,1,20261030,1,20261102,1,20261103,1,20261104,1,20261105,1,20261106,1,20261109,1,20261110,1,20261111,1,20261112,1,20261113,1,20261116,1,20261117,1,20261118,1,20261119,1,20261120,1,20261123,1,20261124,1,20261125,1,20261126,1,20261127,1,20261130,1,20261201,1,20261202,1,20261203,1,20261204,1,20261207,1,20261208,1,20261209,1,20261210,1,20261211,1,20261214,1,20261215,1,20261216,1,20261217,1,20261218,1,20261221,1,20261222,1,20261223,1,20261224,1,20261228,1,20261229,1,20261230,1,20261231,1,20270104,1,20270105,1,20270106,1,20270107,1,20270108,1,20270111,1,20270112,1,20270113,1,20270114,1,20270115,1,20270118,1,20270119,1,20270120,1,20270121,1,20270122,1,20270125,1,20270126,1,20270127,1,20270128,1,20270129,1,20270201,1,20270202,1,20270203,1,20270204,1,20270205,1,20270208,1,20270209,1,20270210,1,20270211,1,20270212,1,20270216,1,20270217,1,20270218,1,20270219,1,20270222,1,20270223,1,20270224,1,20270225,1,20270226,1,20270301,1,20270302,1,20270303,1,20270304,1,20270305,1,20270308,1,20270309,1,20270310,1,20270311,1,20270312,1,20270315,1,20270316,1,20270317,1,20270318,1,20270319,1,20270322,1,20270323,1,20270324,1,20270325,1,20270329,1,20270330,1,20270331,1,20270401,1,20270402,1,20270405,1,20270406,1,20270407,1,20270408,1,20270409,1,20270412,1,20270413,1,20270414,1,20270415,1,20270416,1,20270419,1,20270420,1,20270421,1,20270422,1,20270423,1,20270426,1,20270427,1,20270428,1,20270429,1,20270430,1,20270503,1,20270504,1,20270505,1,20270506,1,20270507,1,20270510,1,20270511,1,20270512,1,20270513,1,20270514,1,20270517,1,20270518,1,20270519,1,20270520,1,20270521,1,20270525,1,20270526,1
'1346551',20260829,1,20260905,1,20260912,1,20260919,1,20260926,1,20261003,1,20261010,1,20261017,1,20261024,1,20261031,1,20261107,1,20261114,1,20261121,1,20261128,1,20261205,1,20261212,1,20261219,1,20270102,1,20270109,1,20270116,1,20270123,1,20270130,1,20270206,1,20270213,1,20270220,1,20270227,1,20270306,1,20270313,1,20270320,1,20270327,1,20270403,1,20270410,1,20270417,1,20270424,1,20270501,1,20270508,1,20270515,1,20270522,1
'1346552',20260830,1,20260906,1,20260913,1,20260920,1,20260927,1,20261004,1,20261011,1,20261018,1,20261025,1,20261101,1,20261108,1,20261115,1,20261122,1,20261129,1,20261206,1,20261213,1,20261220,1,20261227,1,20270103,1,20270110,1,20270117,1,20270124,1,20270131,1,20270207,1,20270214,1,20270221,1,20270228,1,20270307,1,20270314,1,20270321,1,20270328,1,20270404,1,20270411,1,20270418,1,20270425,1,20270502,1,20270509,1,20270516,1,20270523,1
'1346553',20260829,1,20260905,1,20260912,1,20260919,1,20260926,1,20261003,1,20261010,1,20261017,1,20261024,1,20261031,1,20261107,1,20261114,1,20261121,1,20261128,1,20261205,1,20261212,1,20261219,1,20270102,1,20270109,1,20270116,1,20270123,1,20270130,1,20270206,1,20270213,1,20270220,1,20270227,1,20270306,1,20270313,1,20270320,1,20270327,1,20270403,1,20270410,1,20270417,1,20270424,1,20270501,1,20270508,1,20270515,1,20270522,1
'1346554',20260829,1,20260905,1,20260912,1,20260919,1,20260926,1,20261003,1,20261010,1,20261017,1,20261024,1,20261031,1,20261107,1,20261114,1,20261121,1,20261128,1,20261205,1,20261212,1,20261219,1,20270102,1,20270109,1,20270116,1,20270123,1,20270130,1,20270206,1,20270213,1,20270220,1,20270227,1,20270306,1,20270313,1,20270320,1,20270327,1,20270403,1,20270410,1,20270417,1,20270424,1,20270501,1,20270508,1,20270515,1,20270522,1
'1346556',20260826,1,20260827,1,20260828,1,20260831,1,20260901,1,20260902,1,20260903,1,20260904,1,20260908,1,20260909,1,20260910,1,20260911,1,20260914,1,20260915,1,20260916,1,20260917,1,20260918,1,20260921,1,20260922,1,20260923,1,20260924,1,20260925,1,20260928,1,20260929,1,20260930,1,20261001,1,20261002,1,20261005,1,20261006,1,20261007,1,20261008,1,20261009,1,20261013,1,20261014,1,20261015,1,20261016,1,20261019,1,20261020,1,20261021,1,20261022,1,20261023,1,20261026,1,20261027,1,20261028,1,20261029,1,20261030,1,20261102,1,20261103,1,20261104,1,20261105,1,20261106,1,20261109,1,20261110,1,20261111,1,20261112,1,20261113,1,20261116,1,20261117,1,20261118,1,20261119,1,20261120,1,20261123,1,20261124,1,20261125,1,20261126,1,20261127,1,20261130,1,20261201,1,20261202,1,20261203,1,20261204,1,20261207,1,20261208,1,20261209,1,20261210,1,20261211,1,20261214,1,20261215,1,20261216,1,20261217,1,20261218,1,20261221,1,20261222,1,20261223,1,20261224,1,20261228,1,20261229,1,20261230,1,20261231,1,20270104,1,20270105,1,20270106,1,20270107,1,20270108,1,20270111,1,20270112,1,20270113,1,20270114,1,20270115,1,20270118,1,20270119,1,20270120,1,20270121,1,20270122,1,20270125,1,20270126,1,20270127,1,20270128,1,20270129,1,20270201,1,20270202,1,20270203,1,20270204,1,20270205,1,20270208,1,20270209,1,20270210,1,20270211,1,20270212,1,20270216,1,20270217,1,20270218,1,20270219,1,20270222,1,20270223,1,20270224,1,20270225,1,20270226,1,20270301,1,20270302,1,20270303,1,20270304,1,20270305,1,20270308,1,20270309,1,20270310,1,20270311,1,20270312,1,20270315,1,20270316,1,20270317,1,20270318,1,20270319,1,20270322,1,20270323,1,20270324,1,20270325,1,20270329,1,20270330,1,20270331,1,20270401,1,20270402,1,20270405,1,20270406,1,20270407,1,20270408,1,20270409,1,20270412,1,20270413,1,20270414,1,20270415,1,20270416,1,20270419,1,20270420,1,20270421,1,20270422,1,20270423,1,20270426,1,20270427,1,20270428,1,20270429,1,20270430,1,20270503,1,20270504,1,20270505,1,20270506,1,20270507,1,20270510,1,20270511,1,20270512,1,20270513,1,20270514,1,20270517,1,20270518,1,20270519,1,20270520,1,20270521,1,20270525,1,20270526,1
'1346557',20260829,1,20260905,1,20260912,1,20260919,1,20260926,1,20261003,1,20261010,1,20261017,1,20261024,1,20261031,1,20261107,1,20261114,1,20261121,1,20261128,1,20261205,1,20261212,1,20261219,1,20270102,1,20270109,1,20270116,1,20270123,1,20270130,1,20270206,1,20270213,1,20270220,1,20270227,1,20270306,1,20270313,1,20270320,1,20270327,1,20270403,1,20270410,1,20270417,1,20270424,1,20270501,1,20270508,1,20270515,1,20270522,1
'1346558',20260830,1,20260906,1,20260913,1,20260920,1,20260927,1,20261004,1,20261011,1,20261018,1,20261025,1,20261101,1,20261108,1,20261115,1,20261122,1,20261129,1,20261206,1,20261213,1,20261220,1,20261227,1,20270103,1,20270110,1,20270117,1,20270124,1,20270131,1,20270207,1,20270214,1,20270221,1,20270228,1,20270307,1,20270314,1,20270321,1,20270328,1,20270404,1,20270411,1,20270418,1,20270425,1,20270502,1,20270509,1,20270516,1,20270523,1
'1346559',20260830,1,20260906,1,20260913,1,20260920,1,20260927,1,20261004,1,20261011,1,20261018,1,20261025,1,20261101,1,20261108,1,20261115,1,20261122,1,20261129,1,20261206,1,20261213,1,20261220,1,20261227,1,20270103,1,20270110,1,20270117,1,20270124,1,20270131,1,20270207,1,20270214,1,20270221,1,20270228,1,20270307,1,20270314,1,20270321,1,20270328,1,20270404,1,20270411,1,20270418,1,20270425,1,20270502,1,20270509,1,20270516,1,20270523,1
'1346560',20260829,1,20260905,1,20260912,1,20260919,1,20260926,1,20261003,1,20261010,1,20261017,1,20261024,1,20261031,1,20261107,1,20261114,1,20261121,1,20261128,1,20261205,1,20261212,1,20261219,1,20270102,1,20270109,1,20270116,1,20270123,1,20270130,1,20270206,1,20270213,1,20270220,1,20270227,1,20270306,1,20270313,1,20270320,1,20270327,1,20270403,1,20270410,1,20270417,1,20270424,1,20270501,1,20270508,1,20270515,1,20270522,1
'1346562',20260826,1,20260827,1,20260828,1,20260831,1,20260901,1,20260902,1,20260903,1,20260904,1,20260908,1,20260909,1,20260910,1,20260911,1,20260914,1,20260915,1,20260916,1,20260917,1,20260918,1,20260921,1,20260922,1,20260923,1,20260924,1,20260925,1,20260928,1,20260929,1,20260930,1,20261001,1,20261002,1,20261005,1,20261006,1,20261007,1,20261008,1,20261009,1,20261013,1,20261014,1,20261015,1,20261016,1,20261019,1,20261020,1,20261021,1,20261022,1,20261023,1,20261026,1,20261027,1,20261028,1,20261029,1,20261030,1,20261102,1,20261103,1,20261104,1,20261105,1,20261106,1,20261109,1,20261110,1,20261111,1,20261112,1,20261113,1,20261116,1,20261117,1,20261118,1,20261119,1,20261120,1,20261123,1,20261124,1,20261125,1,20261126,1,20261127,1,20261130,1,20261201,1,20261202,1,20261203,1,20261204,1,20261207,1,20261208,1,20261209,1,20261210,1,20261211,1,20261214,1,20261215,1,20261216,1,20261217,1,20261218,1,20261221,1,20261222,1,20261223,1,20261224,1,20261228,1,20261229,1,20261230,1,20261231,1,20270104,1,20270105,1,20270106,1,20270107,1,20270108,1,20270111,1,20270112,1,20270113,1,20270114,1,20270115,1,20270118,1,20270119,1,20270120,1,20270121,1,20270122,1,20270125,1,20270126,1,20270127,1,20270128,1,20270129,1,20270201,1,20270202,1,20270203,1,20270204,1,20270205,1,20270208,1,20270209,1,20270210,1,20270211,1,20270212,1,20270216,1,20270217,1,20270218,1,20270219,1,20270222,1,20270223,1,20270224,1,20270225,1,20270226,1,20270301,1,20270302,1,20270303,1,20270304,1,20270305,1,20270308,1,20270309,1,20270310,1,20270311,1,20270312,1,20270315,1,20270316,1,20270317,1,20270318,1,20270319,1,20270322,1,20270323,1,20270324,1,20270325,1,20270329,1,20270330,1,20270331,1,20270401,1,20270402,1,20270405,1,20270406,1,20270407,1,20270408,1,20270409,1,20270412,1,20270413,1,20270414,1,20270415,1,20270416,1,20270419,1,20270420,1,20270421,1,20270422,1,20270423,1,20270426,1,20270427,1,20270428,1,20270429,1,20270430,1,20270503,1,20270504,1,20270505,1,20270506,1,20270507,1,20270510,1,20270511,1,20270512,1,20270513,1,20270514,1,20270517,1,20270518,1,20270519,1,20270520,1,20270521,1,20270525,1,20270526,1
'1346563',20260830,1,20260906,1,20260913,1,20260920,1,20260927,1,20261004,1,20261011,1,20261018,1,20261025,1,20261101,1,20261108,1,20261115,1,20261122,1,20261129,1,20261206,1,20261213,1,20261220,1,20261227,1,20270103,1,20270110,1,20270117,1,20270124,1,20270131,1,20270207,1,20270214,1,20270221,1,20270228,1,20270307,1,20270314,1,20270321,1,20270328,1,20270404,1,20270411,1,20270418,1,20270425,1,20270502,1,20270509,1,20270516,1,20270523,1
'1346564',20260830,1,20260906,1,20260913,1,20260920,1,20260927,1,20261004,1,20261011,1,20261018,1,20261025,1,20261101,1,20261108,1,20261115,1,20261122,1,20261129,1,20261206,1,20261213,1,20261220,1,20261227,1,20270103,1,20270110,1,20270117,1,20270124,1,20270131,1,20270207,1,20270214,1,20270221,1,20270228,1,20270307,1,20270314,1,20270321,1,20270328,1,20270404,1,20270411,1,20270418,1,20270425,1,20270502,1,20270509,1,20270516,1,20270523,1
'1346565',20260826,1,20260827,1,20260828,1,20260831,1,20260901,1,20260902,1,20260903,1,20260904,1,20260908,1,20260909,1,20260910,1,20260911,1,20260914,1,20260915,1,20260916,1,20260917,1,20260918,1,20260921,1,20260922,1,20260923,1,20260924,1,20260925,1,20260928,1,20260929,1,20260930,1,20261001,1,20261002,1,20261005,1,20261006,1,20261007,1,20261008,1,20261009,1,20261013,1,20261014,1,20261015,1,20261016,1,20261019,1,20261020,1,20261021,1,20261022,1,20261023,1,20261026,1,20261027,1,20261028,1,20261029,1,20261030,1,20261102,1,20261103,1,20261104,1,20261105,1,20261106,1,20261109,1,20261110,1,20261111,1,20261112,1,20261113,1,20261116,1,20261117,1,20261118,1,20261119,1,20261120,1,20261123,1,20261124,1,20261125,1,20261126,1,20261127,1,20261130,1,20261201,1,20261202,1,20261203,1,20261204,1,20261207,1,20261208,1,20261209,1,20261210,1,20261211,1,20261214,1,20261215,1,20261216,1,20261217,1,20261218,1,20261221,1,20261222,1,20261223,1,20261224,1,20261228,1,20261229,1,20261230,1,20261231,1,20270104,1,20270105,1,20270106,1,20270107,1,20270108,1,20270111,1,20270112,1,20270113,1,20270114,1,20270115,1,20270118,1,20270119,1,20270120,1,20270121,1,20270122,1,20270125,1,20270126,1,20270127,1,20270128,1,20270129,1,20270201,1,20270202,1,20270203,1,20270204,1,20270205,1,20270208,1,20270209,1,20270210,1,20270211,1,20270212,1,20270216,1,20270217,1,20270218,1,20270219,1,20270222,1,20270223,1,20270224,1,20270225,1,20270226,1,20270301,1,20270302,1,20270303,1,20270304,1,20270305,1,20270308,1,20270309,1,20270310,1,20270311,1,20270312,1,20270315,1,20270316,1,20270317,1,20270318,1,20270319,1,20270322,1,20270323,1,20270324,1,20270325,1,20270329,1,20270330,1,20270331,1,20270401,1,20270402,1,20270405,1,20270406,1,20270407,1,20270408,1,20270409,1,20270412,1,20270413,1,20270414,1,20270415,1,20270416,1,20270419,1,20270420,1,20270421,1,20270422,1,20270423,1,20270426,1,20270427,1,20270428,1,20270429,1,20270430,1,20270503,1,20270504,1,20270505,1,20270506,1,20270507,1,20270510,1,20270511,1,20270512,1,20270513,1,20270514,1,20270517,1,20270518,1,20270519,1,20270520,1,20270521,1,20270525,1,20270526,1
'1346566',20260829,1,20260905,1,20260912,1,20260919,1,20260926,1,20261003,1,20261010,1,20261017,1,20261024,1,20261031,1,20261107,1,20261114,1,20261121,1,20261128,1,20261205,1,20261212,1,20261219,1,20270102,1,20270109,1,20270116,1,20270123,1,20270130,1,20270206,1,20270213,1,20270220,1,20270227,1,20270306,1,20270313,1,20270320,1,20270327,1,20270403,1,20270410,1,20270417,1,20270424,1,20270501,1,20270508,1,20270515,1,20270522,1
'1346567',20260829,1,20260905,1,20260912,1,20260919,1,20260926,1,20261003,1,20261010,1,20261017,1,20261024,1,20261031,1,20261107,1,20261114,1,20261121,1,20261128,1,20261205,1,20261212,1,20261219,1,20270102,1,20270109,1,20270116,1,20270123,1,20270130,1,20270206,1,20270213,1,20270220,1,20270227,1,20270306,1,20270313,1,20270320,1,20270327,1,20270403,1,20270410,1,20270417,1,20270424,1,20270501,1,20270508,1,20270515,1,20270522,1
'1346568',20260826,1,20260827,1,20260828,1,20260831,1,20260901,1,20260902,1,20260903,1,20260904,1,20260908,1,20260909,1,20260910,1,20260911,1,20260914,1,20260915,1,20260916,1,20260917,1,20260918,1,20260921,1,20260922,1,20260923,1,20260924,1,20260925,1,20260928,1,20260929,1,20260930,1,20261001,1,20261002,1,20261005,1,20261006,1,20261007,1,20261008,1,20261009,1,20261013,1,20261014,1,20261015,1,20261016,1,20261019,1,20261020,1,20261021,1,20261022,1,20261023,1,20261026,1,20261027,1,20261028,1,20261029,1,20261030,1,20261102,1,20261103,1,20261104,1,20261105,1,20261106,1,20261109,1,20261110,1,20261111,1,20261112,1,20261113,1,20261116,1,20261117,1,20261118,1,20261119,1,20261120,1,20261123,1,20261124,1,20261125,1,20261126,1,20261127,1,20261130,1,20261201,1,20261202,1,20261203,1,20261204,1,20261207,1,20261208,1,20261209,1,20261210,1,20261211,1,20261214,1,20261215,1,20261216,1,20261217,1,20261218,1,20261221,1,20261222,1,20261223,1,20261224,1,20261228,1,20261229,1,20261230,1,20261231,1,20270104,1,20270105,1,20270106,1,20270107,1,20270108,1,20270111,1,20270112,1,20270113,1,20270114,1,20270115,1,20270118,1,20270119,1,20270120,1,20270121,1,20270122,1,20270125,1,20270126,1,20270127,1,20270128,1,20270129,1,20270201,1,20270202,1,20270203,1,20270204,1,20270205,1,20270208,1,20270209,1,20270210,1,20270211,1,20270212,1,20270216,1,20270217,1,20270218,1,20270219,1,20270222,1,20270223,1,20270224,1,20270225,1,20270226,1,20270301,1,20270302,1,20270303,1,20270304,1,20270305,1,20270308,1,20270309,1,20270310,1,20270311,1,20270312,1,20270315,1,20270316,1,20270317,1,20270318,1,20270319,1,20270322,1,20270323,1,20270324,1,20270325,1,20270329,1,20270330,1,20270331,1,20270401,1,20270402,1,20270405,1,20270406,1,20270407,1,20270408,1,20270409,1,20270412,1,20270413,1,20270414,1,20270415,1,20270416,1,20270419,1,20270420,1,20270421,1,20270422,1,20270423,1,20270426,1,20270427,1,20270428,1,20270429,1,20270430,1,20270503,1,20270504,1,20270505,1,20270506,1,20270507,1,20270510,1,20270511,1,20270512,1,20270513,1,20270514,1,20270517,1,20270518,1,20270519,1,20270520,1,20270521,1,20270525,1,20270526,1
'1346570',20260826,1,20260827,1,20260828,1,20260831,1,20260901,1,20260902,1,20260903,1,20260904,1,20260908,1,20260909,1,20260910,1,20260911,1,20260914,1,20260915,1,20260916,1,20260917,1,20260918,1,20260921,1,20260922,1,20260923,1,20260924,1,20260925,1,20260928,1,20260929,1,20260930,1,20261001,1,20261002,1,20261005,1,20261006,1,20261007,1,20261008,1,20261009,1,20261013,1,20261014,1,20261015,1,20261016,1,20261019,1,20261020,1,20261021,1,20261022,1,20261023,1,20261026,1,20261027,1,20261028,1,20261029,1,20261030,1,20261102,1,20261103,1,20261104,1,20261105,1,20261106,1,20261109,1,20261110,1,20261111,1,20261112,1,20261113,1,20261116,1,20261117,1,20261118,1,20261119,1,20261120,1,20261123,1,20261124,1,20261125,1,20261126,1,20261127,1,20261130,1,20261201,1,20261202,1,20261203,1,20261204,1,20261207,1,20261208,1,20261209,1,20261210,1,20261211,1,20261214,1,20261215,1,20261216,1,20261217,1,20261218,1,20261221,1,20261222,1,20261223,1,20261224,1,20261228,1,20261229,1,20261230,1,20261231,1,20270104,1,20270105,1,20270106,1,20270107,1,20270108,1,20270111,1,20270112,1,20270113,1,20270114,1,20270115,1,20270118,1,20270119,1,20270120,1,20270121,1,20270122,1,20270125,1,20270126,1,20270127,1,20270128,1,20270129,1,20270201,1,20270202,1,20270203,1,20270204,1,20270205,1,20270208,1,20270209,1,20270210,1,20270211,1,20270212,1,20270216,1,20270217,1,20270218,1,20270219,1,20270222,1,20270223,1,20270224,1,20270225,1,20270226,1,20270301,1,20270302,1,20270303,1,20270304,1,20270305,1,20270308,1,20270309,1,20270310,1,20270311,1,20270312,1,20270315,1,20270316,1,20270317,1,20270318,1,20270319,1,20270322,1,20270323,1,20270324,1,20270325,1,20270329,1,20270330,1,20270331,1,20270401,1,20270402,1,20270405,1,20270406,1,20270407,1,20270408,1,20270409,1,20270412,1,20270413,1,20270414,1,20270415,1,20270416,1,20270419,1,20270420,1,20270421,1,20270422,1,20270423,1,20270426,1,20270427,1,20270428,1,20270429,1,20270430,1,20270503,1,20270504,1,20270505,1,20270506,1,20270507,1,20270510,1,20270511,1,20270512,1,20270513,1,20270514,1,20270517,1,20270518,1,20270519,1,20270520,1,20270521,1,20270525,1,20270526,1
'1346572',20260826,1,20260827,1,20260828,1,20260831,1,20260901,1,20260902,1,20260903,1,20260904,1,20260908,1,20260909,1,20260910,1,20260911,1,20260914,1,20260915,1,20260916,1,20260917,1,20260918,1,20260921,1,20260922,1,20260923,1,20260924,1,20260925,1,20260928,1,20260929,1,20260930,1,20261001,1,20261002,1,20261005,1,20261006,1,20261007,1,20261008,1,20261009,1,20261013,1,20261014,1,20261015,1,20261016,1,20261019,1,20261020,1,20261021,1,20261022,1,20261023,1,20261026,1,20261027,1,20261028,1,20261029,1,20261030,1,20261102,1,20261103,1,20261104,1,20261105,1,20261106,1,20261109,1,20261110,1,20261111,1,20261112,1,20261113,1,20261116,1,20261117,1,20261118,1,20261119,1,20261120,1,20261123,1,20261124,1,20261125,1,20261126,1,20261127,1,20261130,1,20261201,1,20261202,1,20261203,1,20261204,1,20261207,1,20261208,1,20261209,1,20261210,1,20261211,1,20261214,1,20261215,1,20261216,1,20261217,1,20261218,1,20261221,1,20261222,1,20261223,1,20261224,1,20261228,1,20261229,1,20261230,1,20261231,1,20270104,1,20270105,1,20270106,1,20270107,1,20270108,1,20270111,1,20270112,1,20270113,1,20270114,1,20270115,1,20270118,1,20270119,1,20270120,1,20270121,1,20270122,1,20270125,1,20270126,1,20270127,1,20270128,1,20270129,1,20270201,1,20270202,1,20270203,1,20270204,1,20270205,1,20270208,1,20270209,1,20270210,1,20270211,1,20270212,1,20270216,1,20270217,1,20270218,1,20270219,1,20270222,1,20270223,1,20270224,1,20270225,1,20270226,1,20270301,1,20270302,1,20270303,1,20270304,1,20270305,1,20270308,1,20270309,1,20270310,1,20270311,1,20270312,1,20270315,1,20270316,1,20270317,1,20270318,1,20270319,1,20270322,1,20270323,1,20270324,1,20270325,1,20270329,1,20270330,1,20270331,1,20270401,1,20270402,1,20270405,1,20270406,1,20270407,1,20270408,1,20270409,1,20270412,1,20270413,1,20270414,1,20270415,1,20270416,1,20270419,1,20270420,1,20270421,1,20270422,1,20270423,1,20270426,1,20270427,1,20270428,1,20270429,1,20270430,1,20270503,1,20270504,1,20270505,1,20270506,1,20270507,1,20270510,1,20270511,1,20270512,1,20270513,1,20270514,1,20270517,1,20270518,1,20270519,1,20270520,1,20270521,1,20270525,1,20270526,1
'1346574',20260829,1,20260905,1,20260912,1,20260919,1,20260926,1,20261003,1,20261010,1,20261017,1,20261024,1,20261031,1,20261107,1,20261114,1,20261121,1,20261128,1,20261205,1,20261212,1,20261219,1,20270102,1,20270109,1,20270116,1,20270123,1,20270130,1,20270206,1,20270213,1,20270220,1,20270227,1,20270306,1,20270313,1,20270320,1,20270327,1,20270403,1,20270410,1,20270417,1,20270424,1,20270501,1,20270508,1,20270515,1,20270522,1
'1346575',20260829,1,20260905,1,20260912,1,20260919,1,20260926,1,20261003,1,20261010,1,20261017,1,20261024,1,20261031,1,20261107,1,20261114,1,20261121,1,20261128,1,20261205,1,20261212,1,20261219,1,20270102,1,20270109,1,20270116,1,20270123,1,20270130,1,20270206,1,20270213,1,20270220,1,20270227,1,20270306,1,20270313,1,20270320,1,20270327,1,20270403,1,20270410,1,20270417,1,20270424,1,20270501,1,20270508,1,20270515,1,20270522,1
'1346576',20260829,1,20260905,1,20260912,1,20260919,1,20260926,1,20261003,1,20261010,1,20261017,1,20261024,1,20261031,1,20261107,1,20261114,1,20261121,1,20261128,1,20261205,1,20261212,1,20261219,1,20270102,1,20270109,1,20270116,1,20270123,1,20270130,1,20270206,1,20270213,1,20270220,1,20270227,1,20270306,1,20270313,1,20270320,1,20270327,1,20270403,1,20270410,1,20270417,1,20270424,1,20270501,1,20270508,1,20270515,1,20270522,1
'1346577',20260826,1,20260827,1,20260828,1,20260831,1,20260901,1,20260902,1,20260903,1,20260904,1,20260908,1,20260909,1,20260910,1,20260911,1,20260914,1,20260915,1,20260916,1,20260917,1,20260918,1,20260921,1,20260922,1,20260923,1,20260924,1,20260925,1,20260928,1,20260929,1,20260930,1,20261001,1,20261002,1,20261005,1,20261006,1,20261007,1,20261008,1,20261009,1,20261013,1,20261014,1,20261015,1,20261016,1,20261019,1,20261020,1,20261021,1,20261022,1,20261023,1,20261026,1,20261027,1,20261028,1,20261029,1,20261030,1,20261102,1,20261103,1,20261104,1,20261105,1,20261106,1,20261109,1,20261110,1,20261111,1,20261112,1,20261113,1,20261116,1,20261117,1,20261118,1,20261119,1,20261120,1,20261123,1,20261124,1,20261125,1,20261126,1,20261127,1,20261130,1,20261201,1,20261202,1,20261203,1,20261204,1,20261207,1,20261208,1,20261209,1,20261210,1,20261211,1,20261214,1,20261215,1,20261216,1,20261217,1,20261218,1,20261221,1,20261222,1,20261223,1,20261224,1,20261228,1,20261229,1,20261230,1,20261231,1,20270104,1,20270105,1,20270106,1,20270107,1,20270108,1,20270111,1,20270112,1,20270113,1,20270114,1,20270115,1,20270118,1,20270119,1,20270120,1,20270121,1,20270122,1,20270125,1,20270126,1,20270127,1,20270128,1,20270129,1,20270201,1,20270202,1,20270203,1,20270204,1,20270205,1,20270208,1,20270209,1,20270210,1,20270211,1,20270212,1,20270216,1,20270217,1,20270218,1,20270219,1,20270222,1,20270223,1,20270224,1,20270225,1,20270226,1,20270301,1,20270302,1,20270303,1,20270304,1,20270305,1,20270308,1,20270309,1,20270310,1,20270311,1,20270312,1,20270315,1,20270316,1,20270317,1,20270318,1,20270319,1,20270322,1,20270323,1,20270324,1,20270325,1,20270329,1,20270330,1,20270331,1,20270401,1,20270402,1,20270405,1,20270406,1,20270407,1,20270408,1,20270409,1,20270412,1,20270413,1,20270414,1,20270415,1,20270416,1,20270419,1,20270420,1,20270421,1,20270422,1,20270423,1,20270426,1,20270427,1,20270428,1,20270429,1,20270430,1,20270503,1,20270504,1,20270505,1,20270506,1,20270507,1,20270510,1,20270511,1,20270512,1,20270513,1,20270514,1,20270517,1,20270518,1,20270519,1,20270520,1,20270521,1,20270525,1,20270526,1
'1346578',20260829,1,20260905,1,20260912,1,20260919,1,20260926,1,20261003,1,20261010,1,20261017,1,20261024,1,20261031,1,20261107,1,20261114,1,20261121,1,20261128,1,20261205,1,20261212,1,20261219,1,20270102,1,20270109,1,20270116,1,20270123,1,20270130,1,20270206,1,20270213,1,20270220,1,20270227,1,20270306,1,20270313,1,20270320,1,20270327,1,20270403,1,20270410,1,20270417,1,20270424,1,20270501,1,20270508,1,20270515,1,20270522,1
'1346579',20260830,1,20260906,1,20260913,1,20260920,1,20260927,1,20261004,1,20261011,1,20261018,1,20261025,1,20261101,1,20261108,1,20261115,1,20261122,1,20261129,1,20261206,1,20261213,1,20261220,1,20261227,1,20270103,1,20270110,1,20270117,1,20270124,1,20270131,1,20270207,1,20270214,1,20270221,1,20270228,1,20270307,1,20270314,1,20270321,1,20270328,1,20270404,1,20270411,1,20270418,1,20270425,1,20270502,1,20270509,1,20270516,1,20270523,1
'1346581',20260826,1,20260827,1,20260828,1,20260831,1,20260901,1,20260902,1,20260903,1,20260904,1,20260908,1,20260909,1,20260910,1,20260911,1,20260914,1,20260915,1,20260916,1,20260917,1,20260918,1,20260921,1,20260922,1,20260923,1,20260924,1,20260925,1,20260928,1,20260929,1,20260930,1,20261001,1,20261002,1,20261005,1,20261006,1,20261007,1,20261008,1,20261009,1,20261013,1,20261014,1,20261015,1,20261016,1,20261019,1,20261020,1,20261021,1,20261022,1,20261023,1,20261026,1,20261027,1,20261028,1,20261029,1,20261030,1,20261102,1,20261103,1,20261104,1,20261105,1,20261106,1,20261109,1,20261110,1,20261111,1,20261112,1,20261113,1,20261116,1,20261117,1,20261118,1,20261119,1,20261120,1,20261123,1,20261124,1,20261125,1,20261126,1,20261127,1,20261130,1,20261201,1,20261202,1,20261203,1,20261204,1,20261207,1,20261208,1,20261209,1,20261210,1,20261211,1,20261214,1,20261215,1,20261216,1,20261217,1,20261218,1,20261221,1,20261222,1,20261223,1,20261224,1,20261228,1,20261229,1,20261230,1,20261231,1,20270104,1,20270105,1,20270106,1,20270107,1,20270108,1,20270111,1,20270112,1,20270113,1,20270114,1,20270115,1,20270118,1,20270119,1,20270120,1,20270121,1,20270122,1,20270125,1,20270126,1,20270127,1,20270128,1,20270129,1,20270201,1,20270202,1,20270203,1,20270204,1,20270205,1,20270208,1,20270209,1,20270210,1,20270211,1,20270212,1,20270216,1,20270217,1,20270218,1,20270219,1,20270222,1,20270223,1,20270224,1,20270225,1,20270226,1,20270301,1,20270302,1,20270303,1,20270304,1,20270305,1,20270308,1,20270309,1,20270310,1,20270311,1,20270312,1,20270315,1,20270316,1,20270317,1,20270318,1,20270319,1,20270322,1,20270323,1,20270324,1,20270325,1,20270329,1,20270330,1,20270331,1,20270401,1,20270402,1,20270405,1,20270406,1,20270407,1,20270408,1,20270409,1,20270412,1,20270413,1,20270414,1,20270415,1,20270416,1,20270419,1,20270420,1,20270421,1,20270422,1,20270423,1,20270426,1,20270427,1,20270428,1,20270429,1,20270430,1,20270503,1,20270504,1,20270505,1,20270506,1,20270507,1,20270510,1,20270511,1,20270512,1,20270513,1,20270514,1,20270517,1,20270518,1,20270519,1,20270520,1,20270521,1,20270525,1,20270526,1
'1346582',20260829,1,20260905,1,20260912,1,20260919,1,20260926,1,20261003,1,20261010,1,20261017,1,20261024,1,20261031,1,20261107,1,20261114,1,20261121,1,20261128,1,20261205,1,20261212,1,20261219,1,20270102,1,20270109,1,20270116,1,20270123,1,20270130,1,20270206,1,20270213,1,20270220,1,20270227,1,20270306,1,20270313,1,20270320,1,20270327,1,20270403,1,20270410,1,20270417,1,20270424,1,20270501,1,20270508,1,20270515,1,20270522,1
'1346583',20260826,1,20260827,1,20260828,1,20260831,1,20260901,1,20260902,1,20260903,1,20260904,1,20260908,1,20260909,1,20260910,1,20260911,1,20260914,1,20260915,1,20260916,1,20260917,1,20260918,1,20260921,1,20260922,1,20260923,1,20260924,1,20260925,1,20260928,1,20260929,1,20260930,1,20261001,1,20261002,1,20261005,1,20261006,1,20261007,1,20261008,1,20261009,1,20261013,1,20261014,1,20261015,1,20261016,1,20261019,1,20261020,1,20261021,1,20261022,1,20261023,1,20261026,1,20261027,1,20261028,1,20261029,1,20261030,1,20261102,1,20261103,1,20261104,1,20261105,1,20261106,1,20261109,1,20261110,1,20261111,1,20261112,1,20261113,1,20261116,1,20261117,1,20261118,1,20261119,1,20261120,1,20261123,1,20261124,1,20261125,1,20261126,1,20261127,1,20261130,1,20261201,1,20261202,1,20261203,1,20261204,1,20261207,1,20261208,1,20261209,1,20261210,1,20261211,1,20261214,1,20261215,1,20261216,1,20261217,1,20261218,1,20261221,1,20261222,1,20261223,1,20261224,1,20261228,1,20261229,1,20261230,1,20261231,1,20270104,1,20270105,1,20270106,1,20270107,1,20270108,1,20270111,1,20270112,1,20270113,1,20270114,1,20270115,1,20270118,1,20270119,1,20270120,1,20270121,1,20270122,1,20270125,1,20270126,1,20270127,1,20270128,1,20270129,1,20270201,1,20270202,1,20270203,1,20270204,1,20270205,1,20270208,1,20270209,1,20270210,1,20270211,1,20270212,1,20270216,1,20270217,1,20270218,1,20270219,1,20270222,1,20270223,1,20270224,1,20270225,1,20270226,1,20270301,1,20270302,1,20270303,1,20270304,1,20270305,1,20270308,1,20270309,1,20270310,1,20270311,1,20270312,1,20270315,1,20270316,1,20270317,1,20270318,1,20270319,1,20270322,1,20270323,1,20270324,1,20270325,1,20270329,1,20270330,1,20270331,1,20270401,1,20270402,1,20270405,1,20270406,1,20270407,1,20270408,1,20270409,1,20270412,1,20270413,1,20270414,1,20270415,1,20270416,1,20270419,1,20270420,1,20270421,1,20270422,1,20270423,1,20270426,1,20270427,1,20270428,1,20270429,1,20270430,1,20270503,1,20270504,1,20270505,1,20270506,1,20270507,1,20270510,1,20270511,1,20270512,1,20270513,1,20270514,1,20270517,1,20270518,1,20270519,1,20270520,1,20270521,1,20270525,1,20270526,1
'1346584',20260830,1,20260906,1,20260913,1,20260920,1,20260927,1,20261004,1,20261011,1,20261018,1,20261025,1,20261101,1,20261108,1,20261115,1,20261122,1,20261129,1,20261206,1,20261213,1,20261220,1,20261227,1,20270103,1,20270110,1,20270117,1,20270124,1,20270131,1,20270207,1,20270214,1,20270221,1,20270228,1,20270307,1,20270314,1,20270321,1,20270328,1,20270404,1,20270411,1,20270418,1,20270425,1,20270502,1,20270509,1,20270516,1,20270523,1
'1346585',20260829,1,20260905,1,20260912,1,20260919,1,20260926,1,20261003,1,20261010,1,20261017,1,20261024,1,20261031,1,20261107,1,20261114,1,20261121,1,20261128,1,20261205,1,20261212,1,20261219,1,20270102,1,20270109,1,20270116,1,20270123,1,20270130,1,20270206,1,20270213,1,20270220,1,20270227,1,20270306,1,20270313,1,20270320,1,20270327,1,20270403,1,20270410,1,20270417,1,20270424,1,20270501,1,20270508,1,20270515,1,20270522,1
'1346586',20260826,1,20260827,1,20260828,1,20260831,1,20260901,1,20260902,1,20260903,1,20260904,1,20260908,1,20260909,1,20260910,1,20260911,1,20260914,1,20260915,1,20260916,1,20260917,1,20260918,1,20260921,1,20260922,1,20260923,1,20260924,1,20260925,1,20260928,1,20260929,1,20260930,1,20261001,1,20261002,1,20261005,1,20261006,1,20261007,1,20261008,1,20261009,1,20261013,1,20261014,1,20261015,1,20261016,1,20261019,1,20261020,1,20261021,1,20261022,1,20261023,1,20261026,1,20261027,1,20261028,1,20261029,1,20261030,1,20261102,1,20261103,1,20261104,1,20261105,1,20261106,1,20261109,1,20261110,1,20261111,1,20261112,1,20261113,1,20261116,1,20261117,1,20261118,1,20261119,1,20261120,1,20261123,1,20261124,1,20261125,1,20261126,1,20261127,1,20261130,1,20261201,1,20261202,1,20261203,1,20261204,1,20261207,1,20261208,1,20261209,1,20261210,1,20261211,1,20261214,1,20261215,1,20261216,1,20261217,1,20261218,1,20261221,1,20261222,1,20261223,1,20261224,1,20261228,1,20261229,1,20261230,1,20261231,1,20270104,1,20270105,1,20270106,1,20270107,1,20270108,1,20270111,1,20270112,1,20270113,1,20270114,1,20270115,1,20270118,1,20270119,1,20270120,1,20270121,1,20270122,1,20270125,1,20270126,1,20270127,1,20270128,1,20270129,1,20270201,1,20270202,1,20270203,1,20270204,1,20270205,1,20270208,1,20270209,1,20270210,1,20270211,1,20270212,1,20270216,1,20270217,1,20270218,1,20270219,1,20270222,1,20270223,1,20270224,1,20270225,1,20270226,1,20270301,1,20270302,1,20270303,1,20270304,1,20270305,1,20270308,1,20270309,1,20270310,1,20270311,1,20270312,1,20270315,1,20270316,1,20270317,1,20270318,1,20270319,1,20270322,1,20270323,1,20270324,1,20270325,1,20270329,1,20270330,1,20270331,1,20270401,1,20270402,1,20270405,1,20270406,1,20270407,1,20270408,1,20270409,1,20270412,1,20270413,1,20270414,1,20270415,1,20270416,1,20270419,1,20270420,1,20270421,1,20270422,1,20270423,1,20270426,1,20270427,1,20270428,1,20270429,1,20270430,1,20270503,1,20270504,1,20270505,1,20270506,1,20270507,1,20270510,1,20270511,1,20270512,1,20270513,1,20270514,1,20270517,1,20270518,1,20270519,1,20270520,1,20270521,1,20270525,1,20270526,1
'1346587',20260830,1,20260906,1,20260913,1,20260920,1,20260927,1,20261004,1,20261011,1,20261018,1,20261025,1,20261101,1,20261108,1,20261115,1,20261122,1,20261129,1,20261206,1,20261213,1,20261220,1,20261227,1,20270103,1,20270110,1,20270117,1,20270124,1,20270131,1,20270207,1,20270214,1,20270221,1,20270228,1,20270307,1,20270314,1,20270321,1,20270328,1,20270404,1,20270411,1,20270418,1,20270425,1,20270502,1,20270509,1,20270516,1,20270523,1
'1346588',20260829,1,20260905,1,20260912,1,20260919,1,20260926,1,20261003,1,20261010,1,20261017,1,20261024,1,20261031,1,20261107,1,20261114,1,20261121,1,20261128,1,20261205,1,20261212,1,20261219,1,20270102,1,20270109,1,20270116,1,20270123,1,20270130,1,20270206,1,20270213,1,20270220,1,20270227,1,20270306,1,20270313,1,20270320,1,20270327,1,20270403,1,20270410,1,20270417,1,20270424,1,20270501,1,20270508,1,20270515,1,20270522,1
'1346589',20260829,1,20260905,1,20260912,1,20260919,1,20260926,1,20261003,1,20261010,1,20261017,1,20261024,1,20261031,1,20261107,1,20261114,1,20261121,1,20261128,1,20261205,1,20261212,1,20261219,1,20270102,1,20270109,1,20270116,1,20270123,1,20270130,1,20270206,1,20270213,1,20270220,1,20270227,1,20270306,1,20270313,1,20270320,1,20270327,1,20270403,1,20270410,1,20270417,1,20270424,1,20270501,1,20270508,1,20270515,1,20270522,1
'1346592',20260826,1,20260827,1,20260828,1,20260831,1,20260901,1,20260902,1,20260903,1,20260904,1,20260908,1,20260909,1,20260910,1,20260911,1,20260914,1,20260915,1,20260916,1,20260917,1,20260918,1,20260921,1,20260922,1,20260923,1,20260924,1,20260925,1,20260928,1,20260929,1,20260930,1,20261001,1,20261002,1,20261005,1,20261006,1,20261007,1,20261008,1,20261009,1,20261013,1,20261014,1,20261015,1,20261016,1,20261019,1,20261020,1,20261021,1,20261022,1,20261023,1,20261026,1,20261027,1,20261028,1,20261029,1,20261030,1,20261102,1,20261103,1,20261104,1,20261105,1,20261106,1,20261109,1,20261110,1,20261111,1,20261112,1,20261113,1,20261116,1,20261117,1,20261118,1,20261119,1,20261120,1,20261123,1,20261124,1,20261125,1,20261126,1,20261127,1,20261130,1,20261201,1,20261202,1,20261203,1,20261204,1,20261207,1,20261208,1,20261209,1,20261210,1,20261211,1,20261214,1,20261215,1,20261216,1,20261217,1,20261218,1,20261221,1,20261222,1,20261223,1,20261224,1,20261228,1,20261229,1,20261230,1,20261231,1,20270104,1,20270105,1,20270106,1,20270107,1,20270108,1,20270111,1,20270112,1,20270113,1,20270114,1,20270115,1,20270118,1,20270119,1,20270120,1,20270121,1,20270122,1,20270125,1,20270126,1,20270127,1,20270128,1,20270129,1,20270201,1,20270202,1,20270203,1,20270204,1,20270205,1,20270208,1,20270209,1,20270210,1,20270211,1,20270212,1,20270216,1,20270217,1,20270218,1,20270219,1,20270222,1,20270223,1,20270224,1,20270225,1,20270226,1,20270301,1,20270302,1,20270303,1,20270304,1,20270305,1,20270308,1,20270309,1,20270310,1,20270311,1,20270312,1,20270315,1,20270316,1,20270317,1,20270318,1,20270319,1,20270322,1,20270323,1,20270324,1,20270325,1,20270329,1,20270330,1,20270331,1,20270401,1,20270402,1,20270405,1,20270406,1,20270407,1,20270408,1,20270409,1,20270412,1,20270413,1,20270414,1,20270415,1,20270416,1,20270419,1,20270420,1,20270421,1,20270422,1,20270423,1,20270426,1,20270427,1,20270428,1,20270429,1,20270430,1,20270503,1,20270504,1,20270505,1,20270506,1,20270507,1,20270510,1,20270511,1,20270512,1,20270513,1,20270514,1,20270517,1,20270518,1,20270519,1,20270520,1,20270521,1,20270525,1,20270526,1
'1346593',20260829,1,20260905,1,20260912,1,20260919,1,20260926,1,20261003,1,20261010,1,20261017,1,20261024,1,20261031,1,20261107,1,20261114,1,20261121,1,20261128,1,20261205,1,20261212,1,20261219,1,20270102,1,20270109,1,20270116,1,20270123,1,20270130,1,20270206,1,20270213,1,20270220,1,20270227,1,20270306,1,20270313,1,20270320,1,20270327,1,20270403,1,20270410,1,20270417,1,20270424,1,20270501,1,20270508,1,20270515,1,20270522,1
'1346594',20260826,1,20260827,1,20260828,1,20260831,1,20260901,1,20260902,1,20260903,1,20260904,1,20260908,1,20260909,1,20260910,1,20260911,1,20260914,1,20260915,1,20260916,1,20260917,1,20260918,1,20260921,1,20260922,1,20260923,1,20260924,1,20260925,1,20260928,1,20260929,1,20260930,1,20261001,1,20261002,1,20261005,1,20261006,1,20261007,1,20261008,1,20261009,1,20261013,1,20261014,1,20261015,1,20261016,1,20261019,1,20261020,1,20261021,1,20261022,1,20261023,1,20261026,1,20261027,1,20261028,1,20261029,1,20261030,1,20261102,1,20261103,1,20261104,1,20261105,1,20261106,1,20261109,1,20261110,1,20261111,1,20261112,1,20261113,1,20261116,1,20261117,1,20261118,1,20261119,1,20261120,1,20261123,1,20261124,1,20261125,1,20261126,1,20261127,1,20261130,1,20261201,1,20261202,1,20261203,1,20261204,1,20261207,1,20261208,1,20261209,1,20261210,1,20261211,1,20261214,1,20261215,1,20261216,1,20261217,1,20261218,1,20261221,1,20261222,1,20261223,1,20261224,1,20261228,1,20261229,1,20261230,1,20261231,1,20270104,1,20270105,1,20270106,1,20270107,1,20270108,1,20270111,1,20270112,1,20270113,1,20270114,1,20270115,1,20270118,1,20270119,1,20270120,1,20270121,1,20270122,1,20270125,1,20270126,1,20270127,1,20270128,1,20270129,1,20270201,1,20270202,1,20270203,1,20270204,1,20270205,1,20270208,1,20270209,1,20270210,1,20270211,1,20270212,1,20270216,1,20270217,1,20270218,1,20270219,1,20270222,1,20270223,1,20270224,1,20270225,1,20270226,1,20270301,1,20270302,1,20270303,1,20270304,1,20270305,1,20270308,1,20270309,1,20270310,1,20270311,1,20270312,1,20270315,1,20270316,1,20270317,1,20270318,1,20270319,1,20270322,1,20270323,1,20270324,1,20270325,1,20270329,1,20270330,1,20270331,1,20270401,1,20270402,1,20270405,1,20270406,1,20270407,1,20270408,1,20270409,1,20270412,1,20270413,1,20270414,1,20270415,1,20270416,1,20270419,1,20270420,1,20270421,1,20270422,1,20270423,1,20270426,1,20270427,1,20270428,1,20270429,1,20270430,1,20270503,1,20270504,1,20270505,1,20270506,1,20270507,1,20270510,1,20270511,1,20270512,1,20270513,1,20270514,1,20270517,1,20270518,1,20270519,1,20270520,1,20270521,1,20270525,1,20270526,1
'1346595',20260826,1,20260827,1,20260828,1,20260831,1,20260901,1,20260902,1,20260903,1,20260904,1,20260908,1,20260909,1,20260910,1,20260911,1,20260914,1,20260915,1,20260916,1,20260917,1,20260918,1,20260921,1,20260922,1,20260923,1,20260924,1,20260925,1,20260928,1,20260929,1,20260930,1,20261001,1,20261002,1,20261005,1,20261006,1,20261007,1,20261008,1,20261009,1,20261013,1,20261014,1,20261015,1,20261016,1,20261019,1,20261020,1,20261021,1,20261022,1,20261023,1,20261026,1,20261027,1,20261028,1,20261029,1,20261030,1,20261102,1,20261103,1,20261104,1,20261105,1,20261106,1,20261109,1,20261110,1,20261111,1,20261112,1,20261113,1,20261116,1,20261117,1,20261118,1,20261119,1,20261120,1,20261123,1,20261124,1,20261125,1,20261126,1,20261127,1,20261130,1,20261201,1,20261202,1,20261203,1,20261204,1,20261207,1,20261208,1,20261209,1,20261210,1,20261211,1,20261214,1,20261215,1,20261216,1,20261217,1,20261218,1,20261221,1,20261222,1,20261223,1,20261224,1,20261228,1,20261229,1,20261230,1,20261231,1,20270104,1,20270105,1,20270106,1,20270107,1,20270108,1,20270111,1,20270112,1,20270113,1,20270114,1,20270115,1,20270118,1,20270119,1,20270120,1,20270121,1,20270122,1,20270125,1,20270126,1,20270127,1,20270128,1,20270129,1,20270201,1,20270202,1,20270203,1,20270204,1,20270205,1,20270208,1,20270209,1,20270210,1,20270211,1,20270212,1,20270216,1,20270217,1,20270218,1,20270219,1,20270222,1,20270223,1,20270224,1,20270225,1,20270226,1,20270301,1,20270302,1,20270303,1,20270304,1,20270305,1,20270308,1,20270309,1,20270310,1,20270311,1,20270312,1,20270315,1,20270316,1,20270317,1,20270318,1,20270319,1,20270322,1,20270323,1,20270324,1,20270325,1,20270329,1,20270330,1,20270331,1,20270401,1,20270402,1,20270405,1,20270406,1,20270407,1,20270408,1,20270409,1,20270412,1,20270413,1,20270414,1,20270415,1,20270416,1,20270419,1,20270420,1,20270421,1,20270422,1,20270423,1,20270426,1,20270427,1,20270428,1,20270429,1,20270430,1,20270503,1,20270504,1,20270505,1,20270506,1,20270507,1,20270510,1,20270511,1,20270512,1,20270513,1,20270514,1,20270517,1,20270518,1,20270519,1,20270520,1,20270521,1,20270525,1,20270526,1
'1346597',20260829,1,20260905,1,20260912,1,20260919,1,20260926,1,20261003,1,20261010,1,20261017,1,20261024,1,20261031,1,20261107,1,20261114,1,20261121,1,20261128,1,20261205,1,20261212,1,20261219,1,20270102,1,20270109,1,20270116,1,20270123,1,20270130,1,20270206,1,20270213,1,20270220,1,20270227,1,20270306,1,20270313,1,20270320,1,20270327,1,20270403,1,20270410,1,20270417,1,20270424,1,20270501,1,20270508,1,20270515,1,20270522,1
'1346599',20260826,1,20260827,1,20260828,1,20260831,1,20260901,1,20260902,1,20260903,1,20260904,1,20260908,1,20260909,1,20260910,1,20260911,1,20260914,1,20260915,1,20260916,1,20260917,1,20260918,1,20260921,1,20260922,1,20260923,1,20260924,1,20260925,1,20260928,1,20260929,1,20260930,1,20261001,1,20261002,1,20261005,1,20261006,1,20261007,1,20261008,1,20261009,1,20261013,1,20261014,1,20261015,1,20261016,1,20261019,1,20261020,1,20261021,1,20261022,1,20261023,1,20261026,1,20261027,1,20261028,1,20261029,1,20261030,1,20261102,1,20261103,1,20261104,1,20261105,1,20261106,1,20261109,1,20261110,1,20261111,1,20261112,1,20261113,1,20261116,1,20261117,1,20261118,1,20261119,1,20261120,1,20261123,1,20261124,1,20261125,1,20261126,1,20261127,1,20261130,1,20261201,1,20261202,1,20261203,1,20261204,1,20261207,1,20261208,1,20261209,1,20261210,1,20261211,1,20261214,1,20261215,1,20261216,1,20261217,1,20261218,1,20261221,1,20261222,1,20261223,1,20261224,1,20261228,1,20261229,1,20261230,1,20261231,1,20270104,1,20270105,1,20270106,1,20270107,1,20270108,1,20270111,1,20270112,1,20270113,1,20270114,1,20270115,1,20270118,1,20270119,1,20270120,1,20270121,1,20270122,1,20270125,1,20270126,1,20270127,1,20270128,1,20270129,1,20270201,1,20270202,1,20270203,1,20270204,1,20270205,1,20270208,1,20270209,1,20270210,1,20270211,1,20270212,1,20270216,1,20270217,1,20270218,1,20270219,1,20270222,1,20270223,1,20270224,1,20270225,1,20270226,1,20270301,1,20270302,1,20270303,1,20270304,1,20270305,1,20270308,1,20270309,1,20270310,1,20270311,1,20270312,1,20270315,1,20270316,1,20270317,1,20270318,1,20270319,1,20270322,1,20270323,1,20270324,1,20270325,1,20270329,1,20270330,1,20270331,1,20270401,1,20270402,1,20270405,1,20270406,1,20270407,1,20270408,1,20270409,1,20270412,1,20270413,1,20270414,1,20270415,1,20270416,1,20270419,1,20270420,1,20270421,1,20270422,1,20270423,1,20270426,1,20270427,1,20270428,1,20270429,1,20270430,1,20270503,1,20270504,1,20270505,1,20270506,1,20270507,1,20270510,1,20270511,1,20270512,1,20270513,1,20270514,1,20270517,1,20270518,1,20270519,1,20270520,1,20270521,1,20270525,1,20270526,1
'1346600',20260826,1,20260827,1,20260828,1,20260831,1,20260901,1,20260902,1,20260903,1,20260904,1,20260908,1,20260909,1,20260910,1,20260911,1,20260914,1,20260915,1,20260916,1,20260917,1,20260918,1,20260921,1,20260922,1,20260923,1,20260924,1,20260925,1,20260928,1,20260929,1,20260930,1,20261001,1,20261002,1,20261005,1,20261006,1,20261007,1,20261008,1,20261009,1,20261013,1,20261014,1,20261015,1,20261016,1,20261019,1,20261020,1,20261021,1,20261022,1,20261023,1,20261026,1,20261027,1,20261028,1,20261029,1,20261030,1,20261102,1,20261103,1,20261104,1,20261105,1,20261106,1,20261109,1,20261110,1,20261111,1,20261112,1,20261113,1,20261116,1,20261117,1,20261118,1,20261119,1,20261120,1,20261123,1,20261124,1,20261125,1,20261126,1,20261127,1,20261130,1,20261201,1,20261202,1,20261203,1,20261204,1,20261207,1,20261208,1,20261209,1,20261210,1,20261211,1,20261214,1,20261215,1,20261216,1,20261217,1,20261218,1,20261221,1,20261222,1,20261223,1,20261224,1,20261228,1,20261229,1,20261230,1,20261231,1,20270104,1,20270105,1,20270106,1,20270107,1,20270108,1,20270111,1,20270112,1,20270113,1,20270114,1,20270115,1,20270118,1,20270119,1,20270120,1,20270121,1,20270122,1,20270125,1,20270126,1,20270127,1,20270128,1,20270129,1,20270201,1,20270202,1,20270203,1,20270204,1,20270205,1,20270208,1,20270209,1,20270210,1,20270211,1,20270212,1,20270216,1,20270217,1,20270218,1,20270219,1,20270222,1,20270223,1,20270224,1,20270225,1,20270226,1,20270301,1,20270302,1,20270303,1,20270304,1,20270305,1,20270308,1,20270309,1,20270310,1,20270311,1,20270312,1,20270315,1,20270316,1,20270317,1,20270318,1,20270319,1,20270322,1,20270323,1,20270324,1,20270325,1,20270329,1,20270330,1,20270331,1,20270401,1,20270402,1,20270405,1,20270406,1,20270407,1,20270408,1,20270409,1,20270412,1,20270413,1,20270414,1,20270415,1,20270416,1,20270419,1,20270420,1,20270421,1,20270422,1,20270423,1,20270426,1,20270427,1,20270428,1,20270429,1,20270430,1,20270503,1,20270504,1,20270505,1,20270506,1,20270507,1,20270510,1,20270511,1,20270512,1,20270513,1,20270514,1,20270517,1,20270518,1,20270519,1,20270520,1,20270521,1,20270525,1,20270526,1
'1346601',20260830,1,20260906,1,20260913,1,20260920,1,20260927,1,20261004,1,20261011,1,20261018,1,20261025,1,20261101,1,20261108,1,20261115,1,20261122,1,20261129,1,20261206,1,20261213,1,20261220,1,20261227,1,20270103,1,20270110,1,20270117,1,20270124,1,20270131,1,20270207,1,20270214,1,20270221,1,20270228,1,20270307,1,20270314,1,20270321,1,20270328,1,20270404,1,20270411,1,20270418,1,20270425,1,20270502,1,20270509,1,20270516,1,20270523,1
'1346602',20260826,1,20260827,1,20260828,1,20260831,1,20260901,1,20260902,1,20260903,1,20260904,1,20260908,1,20260909,1,20260910,1,20260911,1,20260914,1,20260915,1,20260916,1,20260917,1,20260918,1,20260921,1,20260922,1,20260923,1,20260924,1,20260925,1,20260928,1,20260929,1,20260930,1,20261001,1,20261002,1,20261005,1,20261006,1,20261007,1,20261008,1,20261009,1,20261013,1,20261014,1,20261015,1,20261016,1,20261019,1,20261020,1,20261021,1,20261022,1,20261023,1,20261026,1,20261027,1,20261028,1,20261029,1,20261030,1,20261102,1,20261103,1,20261104,1,20261105,1,20261106,1,20261109,1,20261110,1,20261111,1,20261112,1,20261113,1,20261116,1,20261117,1,20261118,1,20261119,1,20261120,1,20261123,1,20261124,1,20261125,1,20261126,1,20261127,1,20261130,1,20261201,1,20261202,1,20261203,1,20261204,1,20261207,1,20261208,1,20261209,1,20261210,1,20261211,1,20261214,1,20261215,1,20261216,1,20261217,1,20261218,1,20261221,1,20261222,1,20261223,1,20261224,1,20261228,1,20261229,1,20261230,1,20261231,1,20270104,1,20270105,1,20270106,1,20270107,1,20270108,1,20270111,1,20270112,1,20270113,1,20270114,1,20270115,1,20270118,1,20270119,1,20270120,1,20270121,1,20270122,1,20270125,1,20270126,1,20270127,1,20270128,1,20270129,1,20270201,1,20270202,1,20270203,1,20270204,1,20270205,1,20270208,1,20270209,1,20270210,1,20270211,1,20270212,1,20270216,1,20270217,1,20270218,1,20270219,1,20270222,1,20270223,1,20270224,1,20270225,1,20270226,1,20270301,1,20270302,1,20270303,1,20270304,1,20270305,1,20270308,1,20270309,1,20270310,1,20270311,1,20270312,1,20270315,1,20270316,1,20270317,1,20270318,1,20270319,1,20270322,1,20270323,1,20270324,1,20270325,1,20270329,1,20270330,1,20270331,1,20270401,1,20270402,1,20270405,1,20270406,1,20270407,1,20270408,1,20270409,1,20270412,1,20270413,1,20270414,1,20270415,1,20270416,1,20270419,1,20270420,1,20270421,1,20270422,1,20270423,1,20270426,1,20270427,1,20270428,1,20270429,1,20270430,1,20270503,1,20270504,1,20270505,1,20270506,1,20270507,1,20270510,1,20270511,1,20270512,1,20270513,1,20270514,1,20270517,1,20270518,1,20270519,1,20270520,1,20270521,1,20270525,1,20270526,1
'1346603',20260830,1,20260906,1,20260913,1,20260920,1,20260927,1,20261004,1,20261011,1,20261018,1,20261025,1,20261101,1,20261108,1,20261115,1,20261122,1,20261129,1,20261206,1,20261213,1,20261220,1,20261227,1,20270103,1,20270110,1,20270117,1,20270124,1,20270131,1,20270207,1,20270214,1,20270221,1,20270228,1,20270307,1,20270314,1,20270321,1,20270328,1,20270404,1,20270411,1,20270418,1,20270425,1,20270502,1,20270509,1,20270516,1,20270523,1
'1346604',20260826,1,20260827,1,20260828,1,20260831,1,20260901,1,20260902,1,20260903,1,20260904,1,20260908,1,20260909,1,20260910,1,20260911,1,20260914,1,20260915,1,20260916,1,20260917,1,20260918,1,20260921,1,20260922,1,20260923,1,20260924,1,20260925,1,20260928,1,20260929,1,20260930,1,20261001,1,20261002,1,20261005,1,20261006,1,20261007,1,20261008,1,20261009,1,20261013,1,20261014,1,20261015,1,20261016,1,20261019,1,20261020,1,20261021,1,20261022,1,20261023,1,20261026,1,20261027,1,20261028,1,20261029,1,20261030,1,20261102,1,20261103,1,20261104,1,20261105,1,20261106,1,20261109,1,20261110,1,20261111,1,20261112,1,20261113,1,20261116,1,20261117,1,20261118,1,20261119,1,20261120,1,20261123,1,20261124,1,20261125,1,20261126,1,20261127,1,20261130,1,20261201,1,20261202,1,20261203,1,20261204,1,20261207,1,20261208,1,20261209,1,20261210,1,20261211,1,20261214,1,20261215,1,20261216,1,20261217,1,20261218,1,20261221,1,20261222,1,20261223,1,20261224,1,20261228,1,20261229,1,20261230,1,20261231,1,20270104,1,20270105,1,20270106,1,20270107,1,20270108,1,20270111,1,20270112,1,20270113,1,20270114,1,20270115,1,20270118,1,20270119,1,20270120,1,20270121,1,20270122,1,20270125,1,20270126,1,20270127,1,20270128,1,20270129,1,20270201,1,20270202,1,20270203,1,20270204,1,20270205,1,20270208,1,20270209,1,20270210,1,20270211,1,20270212,1,20270216,1,20270217,1,20270218,1,20270219,1,20270222,1,20270223,1,20270224,1,20270225,1,20270226,1,20270301,1,20270302,1,20270303,1,20270304,1,20270305,1,20270308,1,20270309,1,20270310,1,20270311,1,20270312,1,20270315,1,20270316,1,20270317,1,20270318,1,20270319,1,20270322,1,20270323,1,20270324,1,20270325,1,20270329,1,20270330,1,20270331,1,20270401,1,20270402,1,20270405,1,20270406,1,20270407,1,20270408,1,20270409,1,20270412,1,20270413,1,20270414,1,20270415,1,20270416,1,20270419,1,20270420,1,20270421,1,20270422,1,20270423,1,20270426,1,20270427,1,20270428,1,20270429,1,20270430,1,20270503,1,20270504,1,20270505,1,20270506,1,20270507,1,20270510,1,20270511,1,20270512,1,20270513,1,20270514,1,20270517,1,20270518,1,20270519,1,20270520,1,20270521,1,20270525,1,20270526,1
'1346605',20260830,1,20260906,1,20260913,1,20260920,1,20260927,1,20261004,1,20261011,1,20261018,1,20261025,1,20261101,1,20261108,1,20261115,1,20261122,1,20261129,1,20261206,1,20261213,1,20261220,1,20261227,1,20270103,1,20270110,1,20270117,1,20270124,1,20270131,1,20270207,1,20270214,1,20270221,1,20270228,1,20270307,1,20270314,1,20270321,1,20270328,1,20270404,1,20270411,1,20270418,1,20270425,1,20270502,1,20270509,1,20270516,1,20270523,1
'1346606',20260826,1,20260827,1,20260828,1,20260831,1,20260901,1,20260902,1,20260903,1,20260904,1,20260908,1,20260909,1,20260910,1,20260911,1,20260914,1,20260915,1,20260916,1,20260917,1,20260918,1,20260921,1,20260922,1,20260923,1,20260924,1,20260925,1,20260928,1,20260929,1,20260930,1,20261001,1,20261002,1,20261005,1,20261006,1,20261007,1,20261008,1,20261009,1,20261013,1,20261014,1,20261015,1,20261016,1,20261019,1,20261020,1,20261021,1,20261022,1,20261023,1,20261026,1,20261027,1,20261028,1,20261029,1,20261030,1,20261102,1,20261103,1,20261104,1,20261105,1,20261106,1,20261109,1,20261110,1,20261111,1,20261112,1,20261113,1,20261116,1,20261117,1,20261118,1,20261119,1,20261120,1,20261123,1,20261124,1,20261125,1,20261126,1,20261127,1,20261130,1,20261201,1,20261202,1,20261203,1,20261204,1,20261207,1,20261208,1,20261209,1,20261210,1,20261211,1,20261214,1,20261215,1,20261216,1,20261217,1,20261218,1,20261221,1,20261222,1,20261223,1,20261224,1,20261228,1,20261229,1,20261230,1,20261231,1,20270104,1,20270105,1,20270106,1,20270107,1,20270108,1,20270111,1,20270112,1,20270113,1,20270114,1,20270115,1,20270118,1,20270119,1,20270120,1,20270121,1,20270122,1,20270125,1,20270126,1,20270127,1,20270128,1,20270129,1,20270201,1,20270202,1,20270203,1,20270204,1,20270205,1,20270208,1,20270209,1,20270210,1,20270211,1,20270212,1,20270216,1,20270217,1,20270218,1,20270219,1,20270222,1,20270223,1,20270224,1,20270225,1,20270226,1,20270301,1,20270302,1,20270303,1,20270304,1,20270305,1,20270308,1,20270309,1,20270310,1,20270311,1,20270312,1,20270315,1,20270316,1,20270317,1,20270318,1,20270319,1,20270322,1,20270323,1,20270324,1,20270325,1,20270329,1,20270330,1,20270331,1,20270401,1,20270402,1,20270405,1,20270406,1,20270407,1,20270408,1,20270409,1,20270412,1,20270413,1,20270414,1,20270415,1,20270416,1,20270419,1,20270420,1,20270421,1,20270422,1,20270423,1,20270426,1,20270427,1,20270428,1,20270429,1,20270430,1,20270503,1,20270504,1,20270505,1,20270506,1,20270507,1,20270510,1,20270511,1,20270512,1,20270513,1,20270514,1,20270517,1,20270518,1,20270519,1,20270520,1,20270521,1,20270525,1,20270526,1
'1346607',20260830,1,20260906,1,20260913,1,20260920,1,20260927,1,20261004,1,20261011,1,20261018,1,20261025,1,20261101,1,20261108,1,20261115,1,20261122,1,20261129,1,20261206,1,20261213,1,20261220,1,20261227,1,20270103,1,20270110,1,20270117,1,20270124,1,20270131,1,20270207,1,20270214,1,20270221,1,20270228,1,20270307,1,20270314,1,20270321,1,20270328,1,20270404,1,20270411,1,20270418,1,20270425,1,20270502,1,20270509,1,20270516,1,20270523,1
'1346608',20260826,1,20260827,1,20260828,1,20260831,1,20260901,1,20260902,1,20260903,1,20260904,1,20260908,1,20260909,1,20260910,1,20260911,1,20260914,1,20260915,1,20260916,1,20260917,1,20260918,1,20260921,1,20260922,1,20260923,1,20260924,1,20260925,1,20260928,1,20260929,1,20260930,1,20261001,1,20261002,1,20261005,1,20261006,1,20261007,1,20261008,1,20261009,1,20261013,1,20261014,1,20261015,1,20261016,1,20261019,1,20261020,1,20261021,1,20261022,1,20261023,1,20261026,1,20261027,1,20261028,1,20261029,1,20261030,1,20261102,1,20261103,1,20261104,1,20261105,1,20261106,1,20261109,1,20261110,1,20261111,1,20261112,1,20261113,1,20261116,1,20261117,1,20261118,1,20261119,1,20261120,1,20261123,1,20261124,1,20261125,1,20261126,1,20261127,1,20261130,1,20261201,1,20261202,1,20261203,1,20261204,1,20261207,1,20261208,1,20261209,1,20261210,1,20261211,1,20261214,1,20261215,1,20261216,1,20261217,1,20261218,1,20261221,1,20261222,1,20261223,1,20261224,1,20261228,1,20261229,1,20261230,1,20261231,1,20270104,1,20270105,1,20270106,1,20270107,1,20270108,1,20270111,1,20270112,1,20270113,1,20270114,1,20270115,1,20270118,1,20270119,1,20270120,1,20270121,1,20270122,1,20270125,1,20270126,1,20270127,1,20270128,1,20270129,1,20270201,1,20270202,1,20270203,1,20270204,1,20270205,1,20270208,1,20270209,1,20270210,1,20270211,1,20270212,1,20270216,1,20270217,1,20270218,1,20270219,1,20270222,1,20270223,1,20270224,1,20270225,1,20270226,1,20270301,1,20270302,1,20270303,1,20270304,1,20270305,1,20270308,1,20270309,1,20270310,1,20270311,1,20270312,1,20270315,1,20270316,1,20270317,1,20270318,1,20270319,1,20270322,1,20270323,1,20270324,1,20270325,1,20270329,1,20270330,1,20270331,1,20270401,1,20270402,1,20270405,1,20270406,1,20270407,1,20270408,1,20270409,1,20270412,1,20270413,1,20270414,1,20270415,1,20270416,1,20270419,1,20270420,1,20270421,1,20270422,1,20270423,1,20270426,1,20270427,1,20270428,1,20270429,1,20270430,1,20270503,1,20270504,1,20270505,1,20270506,1,20270507,1,20270510,1,20270511,1,20270512,1,20270513,1,20270514,1,20270517,1,20270518,1,20270519,1,20270520,1,20270521,1,20270525,1,20270526,1
'1346609',20260826,1,20260827,1,20260828,1,20260831,1,20260901,1,20260902,1,20260903,1,20260904,1,20260908,1,20260909,1,20260910,1,20260911,1,20260914,1,20260915,1,20260916,1,20260917,1,20260918,1,20260921,1,20260922,1,20260923,1,20260924,1,20260925,1,20260928,1,20260929,1,20260930,1,20261001,1,20261002,1,20261005,1,20261006,1,20261007,1,20261008,1,20261009,1,20261013,1,20261014,1,20261015,1,20261016,1,20261019,1,20261020,1,20261021,1,20261022,1,20261023,1,20261026,1,20261027,1,20261028,1,20261029,1,20261030,1,20261102,1,20261103,1,20261104,1,20261105,1,20261106,1,20261109,1,20261110,1,20261111,1,20261112,1,20261113,1,20261116,1,20261117,1,20261118,1,20261119,1,20261120,1,20261123,1,20261124,1,20261125,1,20261126,1,20261127,1,20261130,1,20261201,1,20261202,1,20261203,1,20261204,1,20261207,1,20261208,1,20261209,1,20261210,1,20261211,1,20261214,1,20261215,1,20261216,1,20261217,1,20261218,1,20261221,1,20261222,1,20261223,1,20261224,1,20261228,1,20261229,1,20261230,1,20261231,1,20270104,1,20270105,1,20270106,1,20270107,1,20270108,1,20270111,1,20270112,1,20270113,1,20270114,1,20270115,1,20270118,1,20270119,1,20270120,1,20270121,1,20270122,1,20270125,1,20270126,1,20270127,1,20270128,1,20270129,1,20270201,1,20270202,1,20270203,1,20270204,1,20270205,1,20270208,1,20270209,1,20270210,1,20270211,1,20270212,1,20270216,1,20270217,1,20270218,1,20270219,1,20270222,1,20270223,1,20270224,1,20270225,1,20270226,1,20270301,1,20270302,1,20270303,1,20270304,1,20270305,1,20270308,1,20270309,1,20270310,1,20270311,1,20270312,1,20270315,1,20270316,1,20270317,1,20270318,1,20270319,1,20270322,1,20270323,1,20270324,1,20270325,1,20270329,1,20270330,1,20270331,1,20270401,1,20270402,1,20270405,1,20270406,1,20270407,1,20270408,1,20270409,1,20270412,1,20270413,1,20270414,1,20270415,1,20270416,1,20270419,1,20270420,1,20270421,1,20270422,1,20270423,1,20270426,1,20270427,1,20270428,1,20270429,1,20270430,1,20270503,1,20270504,1,20270505,1,20270506,1,20270507,1,20270510,1,20270511,1,20270512,1,20270513,1,20270514,1,20270517,1,20270518,1,20270519,1,20270520,1,20270521,1,20270525,1,20270526,1
'1346613',20260826,1,20260827,1,20260828,1,20260831,1,20260901,1,20260902,1,20260903,1,20260904,1,20260908,1,20260909,1,20260910,1,20260911,1,20260914,1,20260915,1,20260916,1,20260917,1,20260918,1,20260921,1,20260922,1,20260923,1,20260924,1,20260925,1,20260928,1,20260929,1,20260930,1,20261001,1,20261002,1,20261005,1,20261006,1,20261007,1,20261008,1,20261009,1,20261013,1,20261014,1,20261015,1,20261016,1,20261019,1,20261020,1,20261021,1,20261022,1,20261023,1,20261026,1,20261027,1,20261028,1,20261029,1,20261030,1,20261102,1,20261103,1,20261104,1,20261105,1,20261106,1,20261109,1,20261110,1,20261111,1,20261112,1,20261113,1,20261116,1,20261117,1,20261118,1,20261119,1,20261120,1,20261123,1,20261124,1,20261125,1,20261126,1,20261127,1,20261130,1,20261201,1,20261202,1,20261203,1,20261204,1,20261207,1,20261208,1,20261209,1,20261210,1,20261211,1,20261214,1,20261215,1,20261216,1,20261217,1,20261218,1,20261221,1,20261222,1,20261223,1,20261224,1,20261228,1,20261229,1,20261230,1,20261231,1,20270104,1,20270105,1,20270106,1,20270107,1,20270108,1,20270111,1,20270112,1,20270113,1,20270114,1,20270115,1,20270118,1,20270119,1,20270120,1,20270121,1,20270122,1,20270125,1,20270126,1,20270127,1,20270128,1,20270129,1,20270201,1,20270202,1,20270203,1,20270204,1,20270205,1,20270208,1,20270209,1,20270210,1,20270211,1,20270212,1,20270216,1,20270217,1,20270218,1,20270219,1,20270222,1,20270223,1,20270224,1,20270225,1,20270226,1,20270301,1,20270302,1,20270303,1,20270304,1,20270305,1,20270308,1,20270309,1,20270310,1,20270311,1,20270312,1,20270315,1,20270316,1,20270317,1,20270318,1,20270319,1,20270322,1,20270323,1,20270324,1,20270325,1,20270329,1,20270330,1,20270331,1,20270401,1,20270402,1,20270405,1,20270406,1,20270407,1,20270408,1,20270409,1,20270412,1,20270413,1,20270414,1,20270415,1,20270416,1,20270419,1,20270420,1,20270421,1,20270422,1,20270423,1,20270426,1,20270427,1,20270428,1,20270429,1,20270430,1,20270503,1,20270504,1,20270505,1,20270506,1,20270507,1,20270510,1,20270511,1,20270512,1,20270513,1,20270514,1,20270517,1,20270518,1,20270519,1,20270520,1,20270521,1,20270525,1,20270526,1
'1346614',20260829,1,20260905,1,20260912,1,20260919,1,20260926,1,20261003,1,20261010,1,20261017,1,20261024,1,20261031,1,20261107,1,20261114,1,20261121,1,20261128,1,20261205,1,20261212,1,20261219,1,20270102,1,20270109,1,20270116,1,20270123,1,20270130,1,20270206,1,20270213,1,20270220,1,20270227,1,20270306,1,20270313,1,20270320,1,20270327,1,20270403,1,20270410,1,20270417,1,20270424,1,20270501,1,20270508,1,20270515,1,20270522,1
'1346615',20260826,1,20260827,1,20260828,1,20260831,1,20260901,1,20260902,1,20260903,1,20260904,1,20260908,1,20260909,1,20260910,1,20260911,1,20260914,1,20260915,1,20260916,1,20260917,1,20260918,1,20260921,1,20260922,1,20260923,1,20260924,1,20260925,1,20260928,1,20260929,1,20260930,1,20261001,1,20261002,1,20261005,1,20261006,1,20261007,1,20261008,1,20261009,1,20261013,1,20261014,1,20261015,1,20261016,1,20261019,1,20261020,1,20261021,1,20261022,1,20261023,1,20261026,1,20261027,1,20261028,1,20261029,1,20261030,1,20261102,1,20261103,1,20261104,1,20261105,1,20261106,1,20261109,1,20261110,1,20261111,1,20261112,1,20261113,1,20261116,1,20261117,1,20261118,1,20261119,1,20261120,1,20261123,1,20261124,1,20261125,1,20261126,1,20261127,1,20261130,1,20261201,1,20261202,1,20261203,1,20261204,1,20261207,1,20261208,1,20261209,1,20261210,1,20261211,1,20261214,1,20261215,1,20261216,1,20261217,1,20261218,1,20261221,1,20261222,1,20261223,1,20261224,1,20261228,1,20261229,1,20261230,1,20261231,1,20270104,1,20270105,1,20270106,1,20270107,1,20270108,1,20270111,1,20270112,1,20270113,1,20270114,1,20270115,1,20270118,1,20270119,1,20270120,1,20270121,1,20270122,1,20270125,1,20270126,1,20270127,1,20270128,1,20270129,1,20270201,1,20270202,1,20270203,1,20270204,1,20270205,1,20270208,1,20270209,1,20270210,1,20270211,1,20270212,1,20270216,1,20270217,1,20270218,1,20270219,1,20270222,1,20270223,1,20270224,1,20270225,1,20270226,1,20270301,1,20270302,1,20270303,1,20270304,1,20270305,1,20270308,1,20270309,1,20270310,1,20270311,1,20270312,1,20270315,1,20270316,1,20270317,1,20270318,1,20270319,1,20270322,1,20270323,1,20270324,1,20270325,1,20270329,1,20270330,1,20270331,1,20270401,1,20270402,1,20270405,1,20270406,1,20270407,1,20270408,1,20270409,1,20270412,1,20270413,1,20270414,1,20270415,1,20270416,1,20270419,1,20270420,1,20270421,1,20270422,1,20270423,1,20270426,1,20270427,1,20270428,1,20270429,1,20270430,1,20270503,1,20270504,1,20270505,1,20270506,1,20270507,1,20270510,1,20270511,1,20270512,1,20270513,1,20270514,1,20270517,1,20270518,1,20270519,1,20270520,1,20270521,1,20270525,1,20270526,1
'1346616',20260829,1,20260905,1,20260912,1,20260919,1,20260926,1,20261003,1,20261010,1,20261017,1,20261024,1,20261031,1,20261107,1,20261114,1,20261121,1,20261128,1,20261205,1,20261212,1,20261219,1,20270102,1,20270109,1,20270116,1,20270123,1,20270130,1,20270206,1,20270213,1,20270220,1,20270227,1,20270306,1,20270313,1,20270320,1,20270327,1,20270403,1,20270410,1,20270417,1,20270424,1,20270501,1,20270508,1,20270515,1,20270522,1
'1346618',20260830,1,20260906,1,20260913,1,20260920,1,20260927,1,20261004,1,20261011,1,20261018,1,20261025,1,20261101,1,20261108,1,20261115,1,20261122,1,20261129,1,20261206,1,20261213,1,20261220,1,20261227,1,20270103,1,20270110,1,20270117,1,20270124,1,20270131,1,20270207,1,20270214,1,20270221,1,20270228,1,20270307,1,20270314,1,20270321,1,20270328,1,20270404,1,20270411,1,20270418,1,20270425,1,20270502,1,20270509,1,20270516,1,20270523,1
'1346619',20260826,1,20260827,1,20260828,1,20260831,1,20260901,1,20260902,1,20260903,1,20260904,1,20260908,1,20260909,1,20260910,1,20260911,1,20260914,1,20260915,1,20260916,1,20260917,1,20260918,1,20260921,1,20260922,1,20260923,1,20260924,1,20260925,1,20260928,1,20260929,1,20260930,1,20261001,1,20261002,1,20261005,1,20261006,1,20261007,1,20261008,1,20261009,1,20261013,1,20261014,1,20261015,1,20261016,1,20261019,1,20261020,1,20261021,1,20261022,1,20261023,1,20261026,1,20261027,1,20261028,1,20261029,1,20261030,1,20261102,1,20261103,1,20261104,1,20261105,1,20261106,1,20261109,1,20261110,1,20261111,1,20261112,1,20261113,1,20261116,1,20261117,1,20261118,1,20261119,1,20261120,1,20261123,1,20261124,1,20261125,1,20261126,1,20261127,1,20261130,1,20261201,1,20261202,1,20261203,1,20261204,1,20261207,1,20261208,1,20261209,1,20261210,1,20261211,1,20261214,1,20261215,1,20261216,1,20261217,1,20261218,1,20261221,1,20261222,1,20261223,1,20261224,1,20261228,1,20261229,1,20261230,1,20261231,1,20270104,1,20270105,1,20270106,1,20270107,1,20270108,1,20270111,1,20270112,1,20270113,1,20270114,1,20270115,1,20270118,1,20270119,1,20270120,1,20270121,1,20270122,1,20270125,1,20270126,1,20270127,1,20270128,1,20270129,1,20270201,1,20270202,1,20270203,1,20270204,1,20270205,1,20270208,1,20270209,1,20270210,1,20270211,1,20270212,1,20270216,1,20270217,1,20270218,1,20270219,1,20270222,1,20270223,1,20270224,1,20270225,1,20270226,1,20270301,1,20270302,1,20270303,1,20270304,1,20270305,1,20270308,1,20270309,1,20270310,1,20270311,1,20270312,1,20270315,1,20270316,1,20270317,1,20270318,1,20270319,1,20270322,1,20270323,1,20270324,1,20270325,1,20270329,1,20270330,1,20270331,1,20270401,1,20270402,1,20270405,1,20270406,1,20270407,1,20270408,1,20270409,1,20270412,1,20270413,1,20270414,1,20270415,1,20270416,1,20270419,1,20270420,1,20270421,1,20270422,1,20270423,1,20270426,1,20270427,1,20270428,1,20270429,1,20270430,1,20270503,1,20270504,1,20270505,1,20270506,1,20270507,1,20270510,1,20270511,1,20270512,1,20270513,1,20270514,1,20270517,1,20270518,1,20270519,1,20270520,1,20270521,1,20270525,1,20270526,1
'1346620',20260830,1,20260906,1,20260913,1,20260920,1,20260927,1,20261004,1,20261011,1,20261018,1,20261025,1,20261101,1,20261108,1,20261115,1,20261122,1,20261129,1,20261206,1,20261213,1,20261220,1,20261227,1,20270103,1,20270110,1,20270117,1,20270124,1,20270131,1,20270207,1,20270214,1,20270221,1,20270228,1,20270307,1,20270314,1,20270321,1,20270328,1,20270404,1,20270411,1,20270418,1,20270425,1,20270502,1,20270509,1,20270516,1,20270523,1
'1346622',20260830,1,20260906,1,20260913,1,20260920,1,20260927,1,20261004,1,20261011,1,20261018,1,20261025,1,20261101,1,20261108,1,20261115,1,20261122,1,20261129,1,20261206,1,20261213,1,20261220,1,20261227,1,20270103,1,20270110,1,20270117,1,20270124,1,20270131,1,20270207,1,20270214,1,20270221,1,20270228,1,20270307,1,20270314,1,20270321,1,20270328,1,20270404,1,20270411,1,20270418,1,20270425,1,20270502,1,20270509,1,20270516,1,20270523,1
'1346623',20260829,1,20260905,1,20260912,1,20260919,1,20260926,1,20261003,1,20261010,1,20261017,1,20261024,1,20261031,1,20261107,1,20261114,1,20261121,1,20261128,1,20261205,1,20261212,1,20261219,1,20270102,1,20270109,1,20270116,1,20270123,1,20270130,1,20270206,1,20270213,1,20270220,1,20270227,1,20270306,1,20270313,1,20270320,1,20270327,1,20270403,1,20270410,1,20270417,1,20270424,1,20270501,1,20270508,1,20270515,1,20270522,1
'1346624',20260830,1,20260906,1,20260913,1,20260920,1,20260927,1,20261004,1,20261011,1,20261018,1,20261025,1,20261101,1,20261108,1,20261115,1,20261122,1,20261129,1,20261206,1,20261213,1,20261220,1,20261227,1,20270103,1,20270110,1,20270117,1,20270124,1,20270131,1,20270207,1,20270214,1,20270221,1,20270228,1,20270307,1,20270314,1,20270321,1,20270328,1,20270404,1,20270411,1,20270418,1,20270425,1,20270502,1,20270509,1,20270516,1,20270523,1
'1346625',20260829,1,20260905,1,20260912,1,20260919,1,20260926,1,20261003,1,20261010,1,20261017,1,20261024,1,20261031,1,20261107,1,20261114,1,20261121,1,20261128,1,20261205,1,20261212,1,20261219,1,20270102,1,20270109,1,20270116,1,20270123,1,20270130,1,20270206,1,20270213,1,20270220,1,20270227,1,20270306,1,20270313,1,20270320,1,20270327,1,20270403,1,20270410,1,20270417,1,20270424,1,20270501,1,20270508,1,20270515,1,20270522,1
'1346626',20260830,1,20260906,1,20260913,1,20260920,1,20260927,1,20261004,1,20261011,1,20261018,1,20261025,1,20261101,1,20261108,1,20261115,1,20261122,1,20261129,1,20261206,1,20261213,1,20261220,1,20261227,1,20270103,1,20270110,1,20270117,1,20270124,1,20270131,1,20270207,1,20270214,1,20270221,1,20270228,1,20270307,1,20270314,1,20270321,1,20270328,1,20270404,1,20270411,1,20270418,1,20270425,1,20270502,1,20270509,1,20270516,1,20270523,1
'1346627',20260826,1,20260827,1,20260828,1,20260831,1,20260901,1,20260902,1,20260903,1,20260904,1,20260908,1,20260909,1,20260910,1,20260911,1,20260914,1,20260915,1,20260916,1,20260917,1,20260918,1,20260921,1,20260922,1,20260923,1,20260924,1,20260925,1,20260928,1,20260929,1,20260930,1,20261001,1,20261002,1,20261005,1,20261006,1,20261007,1,20261008,1,20261009,1,20261013,1,20261014,1,20261015,1,20261016,1,20261019,1,20261020,1,20261021,1,20261022,1,20261023,1,20261026,1,20261027,1,20261028,1,20261029,1,20261030,1,20261102,1,20261103,1,20261104,1,20261105,1,20261106,1,20261109,1,20261110,1,20261111,1,20261112,1,20261113,1,20261116,1,20261117,1,20261118,1,20261119,1,20261120,1,20261123,1,20261124,1,20261125,1,20261126,1,20261127,1,20261130,1,20261201,1,20261202,1,20261203,1,20261204,1,20261207,1,20261208,1,20261209,1,20261210,1,20261211,1,20261214,1,20261215,1,20261216,1,20261217,1,20261218,1,20261221,1,20261222,1,20261223,1,20261224,1,20261228,1,20261229,1,20261230,1,20261231,1,20270104,1,20270105,1,20270106,1,20270107,1,20270108,1,20270111,1,20270112,1,20270113,1,20270114,1,20270115,1,20270118,1,20270119,1,20270120,1,20270121,1,20270122,1,20270125,1,20270126,1,20270127,1,20270128,1,20270129,1,20270201,1,20270202,1,20270203,1,20270204,1,20270205,1,20270208,1,20270209,1,20270210,1,20270211,1,20270212,1,20270216,1,20270217,1,20270218,1,20270219,1,20270222,1,20270223,1,20270224,1,20270225,1,20270226,1,20270301,1,20270302,1,20270303,1,20270304,1,20270305,1,20270308,1,20270309,1,20270310,1,20270311,1,20270312,1,20270315,1,20270316,1,20270317,1,20270318,1,20270319,1,20270322,1,20270323,1,20270324,1,20270325,1,20270329,1,20270330,1,20270331,1,20270401,1,20270402,1,20270405,1,20270406,1,20270407,1,20270408,1,20270409,1,20270412,1,20270413,1,20270414,1,20270415,1,20270416,1,20270419,1,20270420,1,20270421,1,20270422,1,20270423,1,20270426,1,20270427,1,20270428,1,20270429,1,20270430,1,20270503,1,20270504,1,20270505,1,20270506,1,20270507,1,20270510,1,20270511,1,20270512,1,20270513,1,20270514,1,20270517,1,20270518,1,20270519,1,20270520,1,20270521,1,20270525,1,20270526,1
'1346628',20260829,1,20260905,1,20260912,1,20260919,1,20260926,1,20261003,1,20261010,1,20261017,1,20261024,1,20261031,1,20261107,1,20261114,1,20261121,1,20261128,1,20261205,1,20261212,1,20261219,1,20270102,1,20270109,1,20270116,1,20270123,1,20270130,1,20270206,1,20270213,1,20270220,1,20270227,1,20270306,1,20270313,1,20270320,1,20270327,1,20270403,1,20270410,1,20270417,1,20270424,1,20270501,1,20270508,1,20270515,1,20270522,1
'1346630',20260826,1,20260827,1,20260828,1,20260831,1,20260901,1,20260902,1,20260903,1,20260904,1,20260908,1,20260909,1,20260910,1,20260911,1,20260914,1,20260915,1,20260916,1,20260917,1,20260918,1,20260921,1,20260922,1,20260923,1,20260924,1,20260925,1,20260928,1,20260929,1,20260930,1,20261001,1,20261002,1,20261005,1,20261006,1,20261007,1,20261008,1,20261009,1,20261013,1,20261014,1,20261015,1,20261016,1,20261019,1,20261020,1,20261021,1,20261022,1,20261023,1,20261026,1,20261027,1,20261028,1,20261029,1,20261030,1,20261102,1,20261103,1,20261104,1,20261105,1,20261106,1,20261109,1,20261110,1,20261111,1,20261112,1,20261113,1,20261116,1,20261117,1,20261118,1,20261119,1,20261120,1,20261123,1,20261124,1,20261125,1,20261126,1,20261127,1,20261130,1,20261201,1,20261202,1,20261203,1,20261204,1,20261207,1,20261208,1,20261209,1,20261210,1,20261211,1,20261214,1,20261215,1,20261216,1,20261217,1,20261218,1,20261221,1,20261222,1,20261223,1,20261224,1,20261228,1,20261229,1,20261230,1,20261231,1,20270104,1,20270105,1,20270106,1,20270107,1,20270108,1,20270111,1,20270112,1,20270113,1,20270114,1,20270115,1,20270118,1,20270119,1,20270120,1,20270121,1,20270122,1,20270125,1,20270126,1,20270127,1,20270128,1,20270129,1,20270201,1,20270202,1,20270203,1,20270204,1,20270205,1,20270208,1,20270209,1,20270210,1,20270211,1,20270212,1,20270216,1,20270217,1,20270218,1,20270219,1,20270222,1,20270223,1,20270224,1,20270225,1,20270226,1,20270301,1,20270302,1,20270303,1,20270304,1,20270305,1,20270308,1,20270309,1,20270310,1,20270311,1,20270312,1,20270315,1,20270316,1,20270317,1,20270318,1,20270319,1,20270322,1,20270323,1,20270324,1,20270325,1,20270329,1,20270330,1,20270331,1,20270401,1,20270402,1,20270405,1,20270406,1,20270407,1,20270408,1,20270409,1,20270412,1,20270413,1,20270414,1,20270415,1,20270416,1,20270419,1,20270420,1,20270421,1,20270422,1,20270423,1,20270426,1,20270427,1,20270428,1,20270429,1,20270430,1,20270503,1,20270504,1,20270505,1,20270506,1,20270507,1,20270510,1,20270511,1,20270512,1,20270513,1,20270514,1,20270517,1,20270518,1,20270519,1,20270520,1,20270521,1,20270525,1,20270526,1
'1346632',20260826,1,20260827,1,20260828,1,20260831,1,20260901,1,20260902,1,20260903,1,20260904,1,20260908,1,20260909,1,20260910,1,20260911,1,20260914,1,20260915,1,20260916,1,20260917,1,20260918,1,20260921,1,20260922,1,20260923,1,20260924,1,20260925,1,20260928,1,20260929,1,20260930,1,20261001,1,20261002,1,20261005,1,20261006,1,20261007,1,20261008,1,20261009,1,20261013,1,20261014,1,20261015,1,20261016,1,20261019,1,20261020,1,20261021,1,20261022,1,20261023,1,20261026,1,20261027,1,20261028,1,20261029,1,20261030,1,20261102,1,20261103,1,20261104,1,20261105,1,20261106,1,20261109,1,20261110,1,20261111,1,20261112,1,20261113,1,20261116,1,20261117,1,20261118,1,20261119,1,20261120,1,20261123,1,20261124,1,20261125,1,20261126,1,20261127,1,20261130,1,20261201,1,20261202,1,20261203,1,20261204,1,20261207,1,20261208,1,20261209,1,20261210,1,20261211,1,20261214,1,20261215,1,20261216,1,20261217,1,20261218,1,20261221,1,20261222,1,20261223,1,20261224,1,20261228,1,20261229,1,20261230,1,20261231,1,20270104,1,20270105,1,20270106,1,20270107,1,20270108,1,20270111,1,20270112,1,20270113,1,20270114,1,20270115,1,20270118,1,20270119,1,20270120,1,20270121,1,20270122,1,20270125,1,20270126,1,20270127,1,20270128,1,20270129,1,20270201,1,20270202,1,20270203,1,20270204,1,20270205,1,20270208,1,20270209,1,20270210,1,20270211,1,20270212,1,20270216,1,20270217,1,20270218,1,20270219,1,20270222,1,20270223,1,20270224,1,20270225,1,20270226,1,20270301,1,20270302,1,20270303,1,20270304,1,20270305,1,20270308,1,20270309,1,20270310,1,20270311,1,20270312,1,20270315,1,20270316,1,20270317,1,20270318,1,20270319,1,20270322,1,20270323,1,20270324,1,20270325,1,20270329,1,20270330,1,20270331,1,20270401,1,20270402,1,20270405,1,20270406,1,20270407,1,20270408,1,20270409,1,20270412,1,20270413,1,20270414,1,20270415,1,20270416,1,20270419,1,20270420,1,20270421,1,20270422,1,20270423,1,20270426,1,20270427,1,20270428,1,20270429,1,20270430,1,20270503,1,20270504,1,20270505,1,20270506,1,20270507,1,20270510,1,20270511,1,20270512,1,20270513,1,20270514,1,20270517,1,20270518,1,20270519,1,20270520,1,20270521,1,20270525,1,20270526,1
'1346633',20260826,1,20260827,1,20260828,1,20260831,1,20260901,1,20260902,1,20260903,1,20260904,1,20260908,1,20260909,1,20260910,1,20260911,1,20260914,1,20260915,1,20260916,1,20260917,1,20260918,1,20260921,1,20260922,1,20260923,1,20260924,1,20260925,1,20260928,1,20260929,1,20260930,1,20261001,1,20261002,1,20261005,1,20261006,1,20261007,1,20261008,1,20261009,1,20261013,1,20261014,1,20261015,1,20261016,1,20261019,1,20261020,1,20261021,1,20261022,1,20261023,1,20261026,1,20261027,1,20261028,1,20261029,1,20261030,1,20261102,1,20261103,1,20261104,1,20261105,1,20261106,1,20261109,1,20261110,1,20261111,1,20261112,1,20261113,1,20261116,1,20261117,1,20261118,1,20261119,1,20261120,1,20261123,1,20261124,1,20261125,1,20261126,1,20261127,1,20261130,1,20261201,1,20261202,1,20261203,1,20261204,1,20261207,1,20261208,1,20261209,1,20261210,1,20261211,1,20261214,1,20261215,1,20261216,1,20261217,1,20261218,1,20261221,1,20261222,1,20261223,1,20261224,1,20261228,1,20261229,1,20261230,1,20261231,1,20270104,1,20270105,1,20270106,1,20270107,1,20270108,1,20270111,1,20270112,1,20270113,1,20270114,1,20270115,1,20270118,1,20270119,1,20270120,1,20270121,1,20270122,1,20270125,1,20270126,1,20270127,1,20270128,1,20270129,1,20270201,1,20270202,1,20270203,1,20270204,1,20270205,1,20270208,1,20270209,1,20270210,1,20270211,1,20270212,1,20270216,1,20270217,1,20270218,1,20270219,1,20270222,1,20270223,1,20270224,1,20270225,1,20270226,1,20270301,1,20270302,1,20270303,1,20270304,1,20270305,1,20270308,1,20270309,1,20270310,1,20270311,1,20270312,1,20270315,1,20270316,1,20270317,1,20270318,1,20270319,1,20270322,1,20270323,1,20270324,1,20270325,1,20270329,1,20270330,1,20270331,1,20270401,1,20270402,1,20270405,1,20270406,1,20270407,1,20270408,1,20270409,1,20270412,1,20270413,1,20270414,1,20270415,1,20270416,1,20270419,1,20270420,1,20270421,1,20270422,1,20270423,1,20270426,1,20270427,1,20270428,1,20270429,1,20270430,1,20270503,1,20270504,1,20270505,1,20270506,1,20270507,1,20270510,1,20270511,1,20270512,1,20270513,1,20270514,1,20270517,1,20270518,1,20270519,1,20270520,1,20270521,1,20270525,1,20270526,1
'1346634',20260826,1,20260827,1,20260828,1,20260831,1,20260901,1,20260902,1,20260903,1,20260904,1,20260908,1,20260909,1,20260910,1,20260911,1,20260914,1,20260915,1,20260916,1,20260917,1,20260918,1,20260921,1,20260922,1,20260923,1,20260924,1,20260925,1,20260928,1,20260929,1,20260930,1,20261001,1,20261002,1,20261005,1,20261006,1,20261007,1,20261008,1,20261009,1,20261013,1,20261014,1,20261015,1,20261016,1,20261019,1,20261020,1,20261021,1,20261022,1,20261023,1,20261026,1,20261027,1,20261028,1,20261029,1,20261030,1,20261102,1,20261103,1,20261104,1,20261105,1,20261106,1,20261109,1,20261110,1,20261111,1,20261112,1,20261113,1,20261116,1,20261117,1,20261118,1,20261119,1,20261120,1,20261123,1,20261124,1,20261125,1,20261126,1,20261127,1,20261130,1,20261201,1,20261202,1,20261203,1,20261204,1,20261207,1,20261208,1,20261209,1,20261210,1,20261211,1,20261214,1,20261215,1,20261216,1,20261217,1,20261218,1,20261221,1,20261222,1,20261223,1,20261224,1,20261228,1,20261229,1,20261230,1,20261231,1,20270104,1,20270105,1,20270106,1,20270107,1,20270108,1,20270111,1,20270112,1,20270113,1,20270114,1,20270115,1,20270118,1,20270119,1,20270120,1,20270121,1,20270122,1,20270125,1,20270126,1,20270127,1,20270128,1,20270129,1,20270201,1,20270202,1,20270203,1,20270204,1,20270205,1,20270208,1,20270209,1,20270210,1,20270211,1,20270212,1,20270216,1,20270217,1,20270218,1,20270219,1,20270222,1,20270223,1,20270224,1,20270225,1,20270226,1,20270301,1,20270302,1,20270303,1,20270304,1,20270305,1,20270308,1,20270309,1,20270310,1,20270311,1,20270312,1,20270315,1,20270316,1,20270317,1,20270318,1,20270319,1,20270322,1,20270323,1,20270324,1,20270325,1,20270329,1,20270330,1,20270331,1,20270401,1,20270402,1,20270405,1,20270406,1,20270407,1,20270408,1,20270409,1,20270412,1,20270413,1,20270414,1,20270415,1,20270416,1,20270419,1,20270420,1,20270421,1,20270422,1,20270423,1,20270426,1,20270427,1,20270428,1,20270429,1,20270430,1,20270503,1,20270504,1,20270505,1,20270506,1,20270507,1,20270510,1,20270511,1,20270512,1,20270513,1,20270514,1,20270517,1,20270518,1,20270519,1,20270520,1,20270521,1,20270525,1,20270526,1
'1346635',20260830,1,20260906,1,20260913,1,20260920,1,20260927,1,20261004,1,20261011,1,20261018,1,20261025,1,20261101,1,20261108,1,20261115,1,20261122,1,20261129,1,20261206,1,20261213,1,20261220,1,20261227,1,20270103,1,20270110,1,20270117,1,20270124,1,20270131,1,20270207,1,20270214,1,20270221,1,20270228,1,20270307,1,20270314,1,20270321,1,20270328,1,20270404,1,20270411,1,20270418,1,20270425,1,20270502,1,20270509,1,20270516,1,20270523,1
'1346637',20260826,1,20260827,1,20260828,1,20260831,1,20260901,1,20260902,1,20260903,1,20260904,1,20260908,1,20260909,1,20260910,1,20260911,1,20260914,1,20260915,1,20260916,1,20260917,1,20260918,1,20260921,1,20260922,1,20260923,1,20260924,1,20260925,1,20260928,1,20260929,1,20260930,1,20261001,1,20261002,1,20261005,1,20261006,1,20261007,1,20261008,1,20261009,1,20261013,1,20261014,1,20261015,1,20261016,1,20261019,1,20261020,1,20261021,1,20261022,1,20261023,1,20261026,1,20261027,1,20261028,1,20261029,1,20261030,1,20261102,1,20261103,1,20261104,1,20261105,1,20261106,1,20261109,1,20261110,1,20261111,1,20261112,1,20261113,1,20261116,1,20261117,1,20261118,1,20261119,1,20261120,1,20261123,1,20261124,1,20261125,1,20261126,1,20261127,1,20261130,1,20261201,1,20261202,1,20261203,1,20261204,1,20261207,1,20261208,1,20261209,1,20261210,1,20261211,1,20261214,1,20261215,1,20261216,1,20261217,1,20261218,1,20261221,1,20261222,1,20261223,1,20261224,1,20261228,1,20261229,1,20261230,1,20261231,1,20270104,1,20270105,1,20270106,1,20270107,1,20270108,1,20270111,1,20270112,1,20270113,1,20270114,1,20270115,1,20270118,1,20270119,1,20270120,1,20270121,1,20270122,1,20270125,1,20270126,1,20270127,1,20270128,1,20270129,1,20270201,1,20270202,1,20270203,1,20270204,1,20270205,1,20270208,1,20270209,1,20270210,1,20270211,1,20270212,1,20270216,1,20270217,1,20270218,1,20270219,1,20270222,1,20270223,1,20270224,1,20270225,1,20270226,1,20270301,1,20270302,1,20270303,1,20270304,1,20270305,1,20270308,1,20270309,1,20270310,1,20270311,1,20270312,1,20270315,1,20270316,1,20270317,1,20270318,1,20270319,1,20270322,1,20270323,1,20270324,1,20270325,1,20270329,1,20270330,1,20270331,1,20270401,1,20270402,1,20270405,1,20270406,1,20270407,1,20270408,1,20270409,1,20270412,1,20270413,1,20270414,1,20270415,1,20270416,1,20270419,1,20270420,1,20270421,1,20270422,1,20270423,1,20270426,1,20270427,1,20270428,1,20270429,1,20270430,1,20270503,1,20270504,1,20270505,1,20270506,1,20270507,1,20270510,1,20270511,1,20270512,1,20270513,1,20270514,1,20270517,1,20270518,1,20270519,1,20270520,1,20270521,1,20270525,1,20270526,1
'1346639',20260829,1,20260905,1,20260912,1,20260919,1,20260926,1,20261003,1,20261010,1,20261017,1,20261024,1,20261031,1,20261107,1,20261114,1,20261121,1,20261128,1,20261205,1,20261212,1,20261219,1,20270102,1,20270109,1,20270116,1,20270123,1,20270130,1,20270206,1,20270213,1,20270220,1,20270227,1,20270306,1,20270313,1,20270320,1,20270327,1,20270403,1,20270410,1,20270417,1,20270424,1,20270501,1,20270508,1,20270515,1,20270522,1
'1346641',20260829,1,20260905,1,20260912,1,20260919,1,20260926,1,20261003,1,20261010,1,20261017,1,20261024,1,20261031,1,20261107,1,20261114,1,20261121,1,20261128,1,20261205,1,20261212,1,20261219,1,20270102,1,20270109,1,20270116,1,20270123,1,20270130,1,20270206,1,20270213,1,20270220,1,20270227,1,20270306,1,20270313,1,20270320,1,20270327,1,20270403,1,20270410,1,20270417,1,20270424,1,20270501,1,20270508,1,20270515,1,20270522,1
'1346643',20260826,1,20260827,1,20260828,1,20260831,1,20260901,1,20260902,1,20260903,1,20260904,1,20260908,1,20260909,1,20260910,1,20260911,1,20260914,1,20260915,1,20260916,1,20260917,1,20260918,1,20260921,1,20260922,1,20260923,1,20260924,1,20260925,1,20260928,1,20260929,1,20260930,1,20261001,1,20261002,1,20261005,1,20261006,1,20261007,1,20261008,1,20261009,1,20261013,1,20261014,1,20261015,1,20261016,1,20261019,1,20261020,1,20261021,1,20261022,1,20261023,1,20261026,1,20261027,1,20261028,1,20261029,1,20261030,1,20261102,1,20261103,1,20261104,1,20261105,1,20261106,1,20261109,1,20261110,1,20261111,1,20261112,1,20261113,1,20261116,1,20261117,1,20261118,1,20261119,1,20261120,1,20261123,1,20261124,1,20261125,1,20261126,1,20261127,1,20261130,1,20261201,1,20261202,1,20261203,1,20261204,1,20261207,1,20261208,1,20261209,1,20261210,1,20261211,1,20261214,1,20261215,1,20261216,1,20261217,1,20261218,1,20261221,1,20261222,1,20261223,1,20261224,1,20261228,1,20261229,1,20261230,1,20261231,1,20270104,1,20270105,1,20270106,1,20270107,1,20270108,1,20270111,1,20270112,1,20270113,1,20270114,1,20270115,1,20270118,1,20270119,1,20270120,1,20270121,1,20270122,1,20270125,1,20270126,1,20270127,1,20270128,1,20270129,1,20270201,1,20270202,1,20270203,1,20270204,1,20270205,1,20270208,1,20270209,1,20270210,1,20270211,1,20270212,1,20270216,1,20270217,1,20270218,1,20270219,1,20270222,1,20270223,1,20270224,1,20270225,1,20270226,1,20270301,1,20270302,1,20270303,1,20270304,1,20270305,1,20270308,1,20270309,1,20270310,1,20270311,1,20270312,1,20270315,1,20270316,1,20270317,1,20270318,1,20270319,1,20270322,1,20270323,1,20270324,1,20270325,1,20270329,1,20270330,1,20270331,1,20270401,1,20270402,1,20270405,1,20270406,1,20270407,1,20270408,1,20270409,1,20270412,1,20270413,1,20270414,1,20270415,1,20270416,1,20270419,1,20270420,1,20270421,1,20270422,1,20270423,1,20270426,1,20270427,1,20270428,1,20270429,1,20270430,1,20270503,1,20270504,1,20270505,1,20270506,1,20270507,1,20270510,1,20270511,1,20270512,1,20270513,1,20270514,1,20270517,1,20270518,1,20270519,1,20270520,1,20270521,1,20270525,1,20270526,1
'1346644',20260826,1,20260827,1,20260828,1,20260831,1,20260901,1,20260902,1,20260903,1,20260904,1,20260908,1,20260909,1,20260910,1,20260911,1,20260914,1,20260915,1,20260916,1,20260917,1,20260918,1,20260921,1,20260922,1,20260923,1,20260924,1,20260925,1,20260928,1,20260929,1,20260930,1,20261001,1,20261002,1,20261005,1,20261006,1,20261007,1,20261008,1,20261009,1,20261013,1,20261014,1,20261015,1,20261016,1,20261019,1,20261020,1,20261021,1,20261022,1,20261023,1,20261026,1,20261027,1,20261028,1,20261029,1,20261030,1,20261102,1,20261103,1,20261104,1,20261105,1,20261106,1,20261109,1,20261110,1,20261111,1,20261112,1,20261113,1,20261116,1,20261117,1,20261118,1,20261119,1,20261120,1,20261123,1,20261124,1,20261125,1,20261126,1,20261127,1,20261130,1,20261201,1,20261202,1,20261203,1,20261204,1,20261207,1,20261208,1,20261209,1,20261210,1,20261211,1,20261214,1,20261215,1,20261216,1,20261217,1,20261218,1,20261221,1,20261222,1,20261223,1,20261224,1,20261228,1,20261229,1,20261230,1,20261231,1,20270104,1,20270105,1,20270106,1,20270107,1,20270108,1,20270111,1,20270112,1,20270113,1,20270114,1,20270115,1,20270118,1,20270119,1,20270120,1,20270121,1,20270122,1,20270125,1,20270126,1,20270127,1,20270128,1,20270129,1,20270201,1,20270202,1,20270203,1,20270204,1,20270205,1,20270208,1,20270209,1,20270210,1,20270211,1,20270212,1,20270216,1,20270217,1,20270218,1,20270219,1,20270222,1,20270223,1,20270224,1,20270225,1,20270226,1,20270301,1,20270302,1,20270303,1,20270304,1,20270305,1,20270308,1,20270309,1,20270310,1,20270311,1,20270312,1,20270315,1,20270316,1,20270317,1,20270318,1,20270319,1,20270322,1,20270323,1,20270324,1,20270325,1,20270329,1,20270330,1,20270331,1,20270401,1,20270402,1,20270405,1,20270406,1,20270407,1,20270408,1,20270409,1,20270412,1,20270413,1,20270414,1,20270415,1,20270416,1,20270419,1,20270420,1,20270421,1,20270422,1,20270423,1,20270426,1,20270427,1,20270428,1,20270429,1,20270430,1,20270503,1,20270504,1,20270505,1,20270506,1,20270507,1,20270510,1,20270511,1,20270512,1,20270513,1,20270514,1,20270517,1,20270518,1,20270519,1,20270520,1,20270521,1,20270525,1,20270526,1
'1346645',20260826,1,20260827,1,20260828,1,20260831,1,20260901,1,20260902,1,20260903,1,20260904,1,20260908,1,20260909,1,20260910,1,20260911,1,20260914,1,20260915,1,20260916,1,20260917,1,20260918,1,20260921,1,20260922,1,20260923,1,20260924,1,20260925,1,20260928,1,20260929,1,20260930,1,20261001,1,20261002,1,20261005,1,20261006,1,20261007,1,20261008,1,20261009,1,20261013,1,20261014,1,20261015,1,20261016,1,20261019,1,20261020,1,20261021,1,20261022,1,20261023,1,20261026,1,20261027,1,20261028,1,20261029,1,20261030,1,20261102,1,20261103,1,20261104,1,20261105,1,20261106,1,20261109,1,20261110,1,20261111,1,20261112,1,20261113,1,20261116,1,20261117,1,20261118,1,20261119,1,20261120,1,20261123,1,20261124,1,20261125,1,20261126,1,20261127,1,20261130,1,20261201,1,20261202,1,20261203,1,20261204,1,20261207,1,20261208,1,20261209,1,20261210,1,20261211,1,20261214,1,20261215,1,20261216,1,20261217,1,20261218,1,20261221,1,20261222,1,20261223,1,20261224,1,20261228,1,20261229,1,20261230,1,20261231,1,20270104,1,20270105,1,20270106,1,20270107,1,20270108,1,20270111,1,20270112,1,20270113,1,20270114,1,20270115,1,20270118,1,20270119,1,20270120,1,20270121,1,20270122,1,20270125,1,20270126,1,20270127,1,20270128,1,20270129,1,20270201,1,20270202,1,20270203,1,20270204,1,20270205,1,20270208,1,20270209,1,20270210,1,20270211,1,20270212,1,20270216,1,20270217,1,20270218,1,20270219,1,20270222,1,20270223,1,20270224,1,20270225,1,20270226,1,20270301,1,20270302,1,20270303,1,20270304,1,20270305,1,20270308,1,20270309,1,20270310,1,20270311,1,20270312,1,20270315,1,20270316,1,20270317,1,20270318,1,20270319,1,20270322,1,20270323,1,20270324,1,20270325,1,20270329,1,20270330,1,20270331,1,20270401,1,20270402,1,20270405,1,20270406,1,20270407,1,20270408,1,20270409,1,20270412,1,20270413,1,20270414,1,20270415,1,20270416,1,20270419,1,20270420,1,20270421,1,20270422,1,20270423,1,20270426,1,20270427,1,20270428,1,20270429,1,20270430,1,20270503,1,20270504,1,20270505,1,20270506,1,20270507,1,20270510,1,20270511,1,20270512,1,20270513,1,20270514,1,20270517,1,20270518,1,20270519,1,20270520,1,20270521,1,20270525,1,20270526,1
'1346646',20260826,1,20260827,1,20260828,1,20260831,1,20260901,1,20260902,1,20260903,1,20260904,1,20260908,1,20260909,1,20260910,1,20260911,1,20260914,1,20260915,1,20260916,1,20260917,1,20260918,1,20260921,1,20260922,1,20260923,1,20260924,1,20260925,1,20260928,1,20260929,1,20260930,1,20261001,1,20261002,1,20261005,1,20261006,1,20261007,1,20261008,1,20261009,1,20261013,1,20261014,1,20261015,1,20261016,1,20261019,1,20261020,1,20261021,1,20261022,1,20261023,1,20261026,1,20261027,1,20261028,1,20261029,1,20261030,1,20261102,1,20261103,1,20261104,1,20261105,1,20261106,1,20261109,1,20261110,1,20261111,1,20261112,1,20261113,1,20261116,1,20261117,1,20261118,1,20261119,1,20261120,1,20261123,1,20261124,1,20261125,1,20261126,1,20261127,1,20261130,1,20261201,1,20261202,1,20261203,1,20261204,1,20261207,1,20261208,1,20261209,1,20261210,1,20261211,1,20261214,1,20261215,1,20261216,1,20261217,1,20261218,1,20261221,1,20261222,1,20261223,1,20261224,1,20261228,1,20261229,1,20261230,1,20261231,1,20270104,1,20270105,1,20270106,1,20270107,1,20270108,1,20270111,1,20270112,1,20270113,1,20270114,1,20270115,1,20270118,1,20270119,1,20270120,1,20270121,1,20270122,1,20270125,1,20270126,1,20270127,1,20270128,1,20270129,1,20270201,1,20270202,1,20270203,1,20270204,1,20270205,1,20270208,1,20270209,1,20270210,1,20270211,1,20270212,1,20270216,1,20270217,1,20270218,1,20270219,1,20270222,1,20270223,1,20270224,1,20270225,1,20270226,1,20270301,1,20270302,1,20270303,1,20270304,1,20270305,1,20270308,1,20270309,1,20270310,1,20270311,1,20270312,1,20270315,1,20270316,1,20270317,1,20270318,1,20270319,1,20270322,1,20270323,1,20270324,1,20270325,1,20270329,1,20270330,1,20270331,1,20270401,1,20270402,1,20270405,1,20270406,1,20270407,1,20270408,1,20270409,1,20270412,1,20270413,1,20270414,1,20270415,1,20270416,1,20270419,1,20270420,1,20270421,1,20270422,1,20270423,1,20270426,1,20270427,1,20270428,1,20270429,1,20270430,1,20270503,1,20270504,1,20270505,1,20270506,1,20270507,1,20270510,1,20270511,1,20270512,1,20270513,1,20270514,1,20270517,1,20270518,1,20270519,1,20270520,1,20270521,1,20270525,1,20270526,1
'1346647',20260830,1,20260906,1,20260913,1,20260920,1,20260927,1,20261004,1,20261011,1,20261018,1,20261025,1,20261101,1,20261108,1,20261115,1,20261122,1,20261129,1,20261206,1,20261213,1,20261220,1,20261227,1,20270103,1,20270110,1,20270117,1,20270124,1,20270131,1,20270207,1,20270214,1,20270221,1,20270228,1,20270307,1,20270314,1,20270321,1,20270328,1,20270404,1,20270411,1,20270418,1,20270425,1,20270502,1,20270509,1,20270516,1,20270523,1
'1346648',20260830,1,20260906,1,20260913,1,20260920,1,20260927,1,20261004,1,20261011,1,20261018,1,20261025,1,20261101,1,20261108,1,20261115,1,20261122,1,20261129,1,20261206,1,20261213,1,20261220,1,20261227,1,20270103,1,20270110,1,20270117,1,20270124,1,20270131,1,20270207,1,20270214,1,20270221,1,20270228,1,20270307,1,20270314,1,20270321,1,20270328,1,20270404,1,20270411,1,20270418,1,20270425,1,20270502,1,20270509,1,20270516,1,20270523,1
'1346650',20260826,1,20260827,1,20260828,1,20260831,1,20260901,1,20260902,1,20260903,1,20260904,1,20260908,1,20260909,1,20260910,1,20260911,1,20260914,1,20260915,1,20260916,1,20260917,1,20260918,1,20260921,1,20260922,1,20260923,1,20260924,1,20260925,1,20260928,1,20260929,1,20260930,1,20261001,1,20261002,1,20261005,1,20261006,1,20261007,1,20261008,1,20261009,1,20261013,1,20261014,1,20261015,1,20261016,1,20261019,1,20261020,1,20261021,1,20261022,1,20261023,1,20261026,1,20261027,1,20261028,1,20261029,1,20261030,1,20261102,1,20261103,1,20261104,1,20261105,1,20261106,1,20261109,1,20261110,1,20261111,1,20261112,1,20261113,1,20261116,1,20261117,1,20261118,1,20261119,1,20261120,1,20261123,1,20261124,1,20261125,1,20261126,1,20261127,1,20261130,1,20261201,1,20261202,1,20261203,1,20261204,1,20261207,1,20261208,1,20261209,1,20261210,1,20261211,1,20261214,1,20261215,1,20261216,1,20261217,1,20261218,1,20261221,1,20261222,1,20261223,1,20261224,1,20261228,1,20261229,1,20261230,1,20261231,1,20270104,1,20270105,1,20270106,1,20270107,1,20270108,1,20270111,1,20270112,1,20270113,1,20270114,1,20270115,1,20270118,1,20270119,1,20270120,1,20270121,1,20270122,1,20270125,1,20270126,1,20270127,1,20270128,1,20270129,1,20270201,1,20270202,1,20270203,1,20270204,1,20270205,1,20270208,1,20270209,1,20270210,1,20270211,1,20270212,1,20270216,1,20270217,1,20270218,1,20270219,1,20270222,1,20270223,1,20270224,1,20270225,1,20270226,1,20270301,1,20270302,1,20270303,1,20270304,1,20270305,1,20270308,1,20270309,1,20270310,1,20270311,1,20270312,1,20270315,1,20270316,1,20270317,1,20270318,1,20270319,1,20270322,1,20270323,1,20270324,1,20270325,1,20270329,1,20270330,1,20270331,1,20270401,1,20270402,1,20270405,1,20270406,1,20270407,1,20270408,1,20270409,1,20270412,1,20270413,1,20270414,1,20270415,1,20270416,1,20270419,1,20270420,1,20270421,1,20270422,1,20270423,1,20270426,1,20270427,1,20270428,1,20270429,1,20270430,1,20270503,1,20270504,1,20270505,1,20270506,1,20270507,1,20270510,1,20270511,1,20270512,1,20270513,1,20270514,1,20270517,1,20270518,1,20270519,1,20270520,1,20270521,1,20270525,1,20270526,1
'1346651',20260829,1,20260905,1,20260912,1,20260919,1,20260926,1,20261003,1,20261010,1,20261017,1,20261024,1,20261031,1,20261107,1,20261114,1,20261121,1,20261128,1,20261205,1,20261212,1,20261219,1,20270102,1,20270109,1,20270116,1,20270123,1,20270130,1,20270206,1,20270213,1,20270220,1,20270227,1,20270306,1,20270313,1,20270320,1,20270327,1,20270403,1,20270410,1,20270417,1,20270424,1,20270501,1,20270508,1,20270515,1,20270522,1
'1346652',20260830,1,20260906,1,20260913,1,20260920,1,20260927,1,20261004,1,20261011,1,20261018,1,20261025,1,20261101,1,20261108,1,20261115,1,20261122,1,20261129,1,20261206,1,20261213,1,20261220,1,20261227,1,20270103,1,20270110,1,20270117,1,20270124,1,20270131,1,20270207,1,20270214,1,20270221,1,20270228,1,20270307,1,20270314,1,20270321,1,20270328,1,20270404,1,20270411,1,20270418,1,20270425,1,20270502,1,20270509,1,20270516,1,20270523,1
'1346655',20260826,1,20260827,1,20260828,1,20260831,1,20260901,1,20260902,1,20260903,1,20260904,1,20260908,1,20260909,1,20260910,1,20260911,1,20260914,1,20260915,1,20260916,1,20260917,1,20260918,1,20260921,1,20260922,1,20260923,1,20260924,1,20260925,1,20260928,1,20260929,1,20260930,1,20261001,1,20261002,1,20261005,1,20261006,1,20261007,1,20261008,1,20261009,1,20261013,1,20261014,1,20261015,1,20261016,1,20261019,1,20261020,1,20261021,1,20261022,1,20261023,1,20261026,1,20261027,1,20261028,1,20261029,1,20261030,1,20261102,1,20261103,1,20261104,1,20261105,1,20261106,1,20261109,1,20261110,1,20261111,1,20261112,1,20261113,1,20261116,1,20261117,1,20261118,1,20261119,1,20261120,1,20261123,1,20261124,1,20261125,1,20261126,1,20261127,1,20261130,1,20261201,1,20261202,1,20261203,1,20261204,1,20261207,1,20261208,1,20261209,1,20261210,1,20261211,1,20261214,1,20261215,1,20261216,1,20261217,1,20261218,1,20261221,1,20261222,1,20261223,1,20261224,1,20261228,1,20261229,1,20261230,1,20261231,1,20270104,1,20270105,1,20270106,1,20270107,1,20270108,1,20270111,1,20270112,1,20270113,1,20270114,1,20270115,1,20270118,1,20270119,1,20270120,1,20270121,1,20270122,1,20270125,1,20270126,1,20270127,1,20270128,1,20270129,1,20270201,1,20270202,1,20270203,1,20270204,1,20270205,1,20270208,1,20270209,1,20270210,1,20270211,1,20270212,1,20270216,1,20270217,1,20270218,1,20270219,1,20270222,1,20270223,1,20270224,1,20270225,1,20270226,1,20270301,1,20270302,1,20270303,1,20270304,1,20270305,1,20270308,1,20270309,1,20270310,1,20270311,1,20270312,1,20270315,1,20270316,1,20270317,1,20270318,1,20270319,1,20270322,1,20270323,1,20270324,1,20270325,1,20270329,1,20270330,1,20270331,1,20270401,1,20270402,1,20270405,1,20270406,1,20270407,1,20270408,1,20270409,1,20270412,1,20270413,1,20270414,1,20270415,1,20270416,1,20270419,1,20270420,1,20270421,1,20270422,1,20270423,1,20270426,1,20270427,1,20270428,1,20270429,1,20270430,1,20270503,1,20270504,1,20270505,1,20270506,1,20270507,1,20270510,1,20270511,1,20270512,1,20270513,1,20270514,1,20270517,1,20270518,1,20270519,1,20270520,1,20270521,1,20270525,1,20270526,1
'1346656',20260829,1,20260905,1,20260912,1,20260919,1,20260926,1,20261003,1,20261010,1,20261017,1,20261024,1,20261031,1,20261107,1,20261114,1,20261121,1,20261128,1,20261205,1,20261212,1,20261219,1,20270102,1,20270109,1,20270116,1,20270123,1,20270130,1,20270206,1,20270213,1,20270220,1,20270227,1,20270306,1,20270313,1,20270320,1,20270327,1,20270403,1,20270410,1,20270417,1,20270424,1,20270501,1,20270508,1,20270515,1,20270522,1
'1346657',20260830,1,20260906,1,20260913,1,20260920,1,20260927,1,20261004,1,20261011,1,20261018,1,20261025,1,20261101,1,20261108,1,20261115,1,20261122,1,20261129,1,20261206,1,20261213,1,20261220,1,20261227,1,20270103,1,20270110,1,20270117,1,20270124,1,20270131,1,20270207,1,20270214,1,20270221,1,20270228,1,20270307,1,20270314,1,20270321,1,20270328,1,20270404,1,20270411,1,20270418,1,20270425,1,20270502,1,20270509,1,20270516,1,20270523,1
'1346658',20260830,1,20260906,1,20260913,1,20260920,1,20260927,1,20261004,1,20261011,1,20261018,1,20261025,1,20261101,1,20261108,1,20261115,1,20261122,1,20261129,1,20261206,1,20261213,1,20261220,1,20261227,1,20270103,1,20270110,1,20270117,1,20270124,1,20270131,1,20270207,1,20270214,1,20270221,1,20270228,1,20270307,1,20270314,1,20270321,1,20270328,1,20270404,1,20270411,1,20270418,1,20270425,1,20270502,1,20270509,1,20270516,1,20270523,1
'1346659',20260830,1,20260906,1,20260913,1,20260920,1,20260927,1,20261004,1,20261011,1,20261018,1,20261025,1,20261101,1,20261108,1,20261115,1,20261122,1,20261129,1,20261206,1,20261213,1,20261220,1,20261227,1,20270103,1,20270110,1,20270117,1,20270124,1,20270131,1,20270207,1,20270214,1,20270221,1,20270228,1,20270307,1,20270314,1,20270321,1,20270328,1,20270404,1,20270411,1,20270418,1,20270425,1,20270502,1,20270509,1,20270516,1,20270523,1
'1346660',20260826,1,20260827,1,20260828,1,20260831,1,20260901,1,20260902,1,20260903,1,20260904,1,20260908,1,20260909,1,20260910,1,20260911,1,20260914,1,20260915,1,20260916,1,20260917,1,20260918,1,20260921,1,20260922,1,20260923,1,20260924,1,20260925,1,20260928,1,20260929,1,20260930,1,20261001,1,20261002,1,20261005,1,20261006,1,20261007,1,20261008,1,20261009,1,20261013,1,20261014,1,20261015,1,20261016,1,20261019,1,20261020,1,20261021,1,20261022,1,20261023,1,20261026,1,20261027,1,20261028,1,20261029,1,20261030,1,20261102,1,20261103,1,20261104,1,20261105,1,20261106,1,20261109,1,20261110,1,20261111,1,20261112,1,20261113,1,20261116,1,20261117,1,20261118,1,20261119,1,20261120,1,20261123,1,20261124,1,20261125,1,20261126,1,20261127,1,20261130,1,20261201,1,20261202,1,20261203,1,20261204,1,20261207,1,20261208,1,20261209,1,20261210,1,20261211,1,20261214,1,20261215,1,20261216,1,20261217,1,20261218,1,20261221,1,20261222,1,20261223,1,20261224,1,20261228,1,20261229,1,20261230,1,20261231,1,20270104,1,20270105,1,20270106,1,20270107,1,20270108,1,20270111,1,20270112,1,20270113,1,20270114,1,20270115,1,20270118,1,20270119,1,20270120,1,20270121,1,20270122,1,20270125,1,20270126,1,20270127,1,20270128,1,20270129,1,20270201,1,20270202,1,20270203,1,20270204,1,20270205,1,20270208,1,20270209,1,20270210,1,20270211,1,20270212,1,20270216,1,20270217,1,20270218,1,20270219,1,20270222,1,20270223,1,20270224,1,20270225,1,20270226,1,20270301,1,20270302,1,20270303,1,20270304,1,20270305,1,20270308,1,20270309,1,20270310,1,20270311,1,20270312,1,20270315,1,20270316,1,20270317,1,20270318,1,20270319,1,20270322,1,20270323,1,20270324,1,20270325,1,20270329,1,20270330,1,20270331,1,20270401,1,20270402,1,20270405,1,20270406,1,20270407,1,20270408,1,20270409,1,20270412,1,20270413,1,20270414,1,20270415,1,20270416,1,20270419,1,20270420,1,20270421,1,20270422,1,20270423,1,20270426,1,20270427,1,20270428,1,20270429,1,20270430,1,20270503,1,20270504,1,20270505,1,20270506,1,20270507,1,20270510,1,20270511,1,20270512,1,20270513,1,20270514,1,20270517,1,20270518,1,20270519,1,20270520,1,20270521,1,20270525,1,20270526,1
'1346661',20260826,1,20260827,1,20260828,1,20260831,1,20260901,1,20260902,1,20260903,1,20260904,1,20260908,1,20260909,1,20260910,1,20260911,1,20260914,1,20260915,1,20260916,1,20260917,1,20260918,1,20260921,1,20260922,1,20260923,1,20260924,1,20260925,1,20260928,1,20260929,1,20260930,1,20261001,1,20261002,1,20261005,1,20261006,1,20261007,1,20261008,1,20261009,1,20261013,1,20261014,1,20261015,1,20261016,1,20261019,1,20261020,1,20261021,1,20261022,1,20261023,1,20261026,1,20261027,1,20261028,1,20261029,1,20261030,1,20261102,1,20261103,1,20261104,1,20261105,1,20261106,1,20261109,1,20261110,1,20261111,1,20261112,1,20261113,1,20261116,1,20261117,1,20261118,1,20261119,1,20261120,1,20261123,1,20261124,1,20261125,1,20261126,1,20261127,1,20261130,1,20261201,1,20261202,1,20261203,1,20261204,1,20261207,1,20261208,1,20261209,1,20261210,1,20261211,1,20261214,1,20261215,1,20261216,1,20261217,1,20261218,1,20261221,1,20261222,1,20261223,1,20261224,1,20261228,1,20261229,1,20261230,1,20261231,1,20270104,1,20270105,1,20270106,1,20270107,1,20270108,1,20270111,1,20270112,1,20270113,1,20270114,1,20270115,1,20270118,1,20270119,1,20270120,1,20270121,1,20270122,1,20270125,1,20270126,1,20270127,1,20270128,1,20270129,1,20270201,1,20270202,1,20270203,1,20270204,1,20270205,1,20270208,1,20270209,1,20270210,1,20270211,1,20270212,1,20270216,1,20270217,1,20270218,1,20270219,1,20270222,1,20270223,1,20270224,1,20270225,1,20270226,1,20270301,1,20270302,1,20270303,1,20270304,1,20270305,1,20270308,1,20270309,1,20270310,1,20270311,1,20270312,1,20270315,1,20270316,1,20270317,1,20270318,1,20270319,1,20270322,1,20270323,1,20270324,1,20270325,1,20270329,1,20270330,1,20270331,1,20270401,1,20270402,1,20270405,1,20270406,1,20270407,1,20270408,1,20270409,1,20270412,1,20270413,1,20270414,1,20270415,1,20270416,1,20270419,1,20270420,1,20270421,1,20270422,1,20270423,1,20270426,1,20270427,1,20270428,1,20270429,1,20270430,1,20270503,1,20270504,1,20270505,1,20270506,1,20270507,1,20270510,1,20270511,1,20270512,1,20270513,1,20270514,1,20270517,1,20270518,1,20270519,1,20270520,1,20270521,1,20270525,1,20270526,1
'1346662',20260826,1,20260827,1,20260828,1,20260831,1,20260901,1,20260902,1,20260903,1,20260904,1,20260908,1,20260909,1,20260910,1,20260911,1,20260914,1,20260915,1,20260916,1,20260917,1,20260918,1,20260921,1,20260922,1,20260923,1,20260924,1,20260925,1,20260928,1,20260929,1,20260930,1,20261001,1,20261002,1,20261005,1,20261006,1,20261007,1,20261008,1,20261009,1,20261013,1,20261014,1,20261015,1,20261016,1,20261019,1,20261020,1,20261021,1,20261022,1,20261023,1,20261026,1,20261027,1,20261028,1,20261029,1,20261030,1,20261102,1,20261103,1,20261104,1,20261105,1,20261106,1,20261109,1,20261110,1,20261111,1,20261112,1,20261113,1,20261116,1,20261117,1,20261118,1,20261119,1,20261120,1,20261123,1,20261124,1,20261125,1,20261126,1,20261127,1,20261130,1,20261201,1,20261202,1,20261203,1,20261204,1,20261207,1,20261208,1,20261209,1,20261210,1,20261211,1,20261214,1,20261215,1,20261216,1,20261217,1,20261218,1,20261221,1,20261222,1,20261223,1,20261224,1,20261228,1,20261229,1,20261230,1,20261231,1,20270104,1,20270105,1,20270106,1,20270107,1,20270108,1,20270111,1,20270112,1,20270113,1,20270114,1,20270115,1,20270118,1,20270119,1,20270120,1,20270121,1,20270122,1,20270125,1,20270126,1,20270127,1,20270128,1,20270129,1,20270201,1,20270202,1,20270203,1,20270204,1,20270205,1,20270208,1,20270209,1,20270210,1,20270211,1,20270212,1,20270216,1,20270217,1,20270218,1,20270219,1,20270222,1,20270223,1,20270224,1,20270225,1,20270226,1,20270301,1,20270302,1,20270303,1,20270304,1,20270305,1,20270308,1,20270309,1,20270310,1,20270311,1,20270312,1,20270315,1,20270316,1,20270317,1,20270318,1,20270319,1,20270322,1,20270323,1,20270324,1,20270325,1,20270329,1,20270330,1,20270331,1,20270401,1,20270402,1,20270405,1,20270406,1,20270407,1,20270408,1,20270409,1,20270412,1,20270413,1,20270414,1,20270415,1,20270416,1,20270419,1,20270420,1,20270421,1,20270422,1,20270423,1,20270426,1,20270427,1,20270428,1,20270429,1,20270430,1,20270503,1,20270504,1,20270505,1,20270506,1,20270507,1,20270510,1,20270511,1,20270512,1,20270513,1,20270514,1,20270517,1,20270518,1,20270519,1,20270520,1,20270521,1,20270525,1,20270526,1
'1346668',20260829,1,20260905,1,20260912,1,20260919,1,20260926,1,20261003,1,20261010,1,20261017,1,20261024,1,20261031,1,20261107,1,20261114,1,20261121,1,20261128,1,20261205,1,20261212,1,20261219,1,20270102,1,20270109,1,20270116,1,20270123,1,20270130,1,20270206,1,20270213,1,20270220,1,20270227,1,20270306,1,20270313,1,20270320,1,20270327,1,20270403,1,20270410,1,20270417,1,20270424,1,20270501,1,20270508,1,20270515,1,20270522,1
'1346670',20260826,1,20260827,1,20260828,1,20260831,1,20260901,1,20260902,1,20260903,1,20260904,1,20260908,1,20260909,1,20260910,1,20260911,1,20260914,1,20260915,1,20260916,1,20260917,1,20260918,1,20260921,1,20260922,1,20260923,1,20260924,1,20260925,1,20260928,1,20260929,1,20260930,1,20261001,1,20261002,1,20261005,1,20261006,1,20261007,1,20261008,1,20261009,1,20261013,1,20261014,1,20261015,1,20261016,1,20261019,1,20261020,1,20261021,1,20261022,1,20261023,1,20261026,1,20261027,1,20261028,1,20261029,1,20261030,1,20261102,1,20261103,1,20261104,1,20261105,1,20261106,1,20261109,1,20261110,1,20261111,1,20261112,1,20261113,1,20261116,1,20261117,1,20261118,1,20261119,1,20261120,1,20261123,1,20261124,1,20261125,1,20261126,1,20261127,1,20261130,1,20261201,1,20261202,1,20261203,1,20261204,1,20261207,1,20261208,1,20261209,1,20261210,1,20261211,1,20261214,1,20261215,1,20261216,1,20261217,1,20261218,1,20261221,1,20261222,1,20261223,1,20261224,1,20261228,1,20261229,1,20261230,1,20261231,1,20270104,1,20270105,1,20270106,1,20270107,1,20270108,1,20270111,1,20270112,1,20270113,1,20270114,1,20270115,1,20270118,1,20270119,1,20270120,1,20270121,1,20270122,1,20270125,1,20270126,1,20270127,1,20270128,1,20270129,1,20270201,1,20270202,1,20270203,1,20270204,1,20270205,1,20270208,1,20270209,1,20270210,1,20270211,1,20270212,1,20270216,1,20270217,1,20270218,1,20270219,1,20270222,1,20270223,1,20270224,1,20270225,1,20270226,1,20270301,1,20270302,1,20270303,1,20270304,1,20270305,1,20270308,1,20270309,1,20270310,1,20270311,1,20270312,1,20270315,1,20270316,1,20270317,1,20270318,1,20270319,1,20270322,1,20270323,1,20270324,1,20270325,1,20270329,1,20270330,1,20270331,1,20270401,1,20270402,1,20270405,1,20270406,1,20270407,1,20270408,1,20270409,1,20270412,1,20270413,1,20270414,1,20270415,1,20270416,1,20270419,1,20270420,1,20270421,1,20270422,1,20270423,1,20270426,1,20270427,1,20270428,1,20270429,1,20270430,1,20270503,1,20270504,1,20270505,1,20270506,1,20270507,1,20270510,1,20270511,1,20270512,1,20270513,1,20270514,1,20270517,1,20270518,1,20270519,1,20270520,1,20270521,1,20270525,1,20270526,1
'1346671',20260826,1,20260827,1,20260828,1,20260831,1,20260901,1,20260902,1,20260903,1,20260904,1,20260908,1,20260909,1,20260910,1,20260911,1,20260914,1,20260915,1,20260916,1,20260917,1,20260918,1,20260921,1,20260922,1,20260923,1,20260924,1,20260925,1,20260928,1,20260929,1,20260930,1,20261001,1,20261002,1,20261005,1,20261006,1,20261007,1,20261008,1,20261009,1,20261013,1,20261014,1,20261015,1,20261016,1,20261019,1,20261020,1,20261021,1,20261022,1,20261023,1,20261026,1,20261027,1,20261028,1,20261029,1,20261030,1,20261102,1,20261103,1,20261104,1,20261105,1,20261106,1,20261109,1,20261110,1,20261111,1,20261112,1,20261113,1,20261116,1,20261117,1,20261118,1,20261119,1,20261120,1,20261123,1,20261124,1,20261125,1,20261126,1,20261127,1,20261130,1,20261201,1,20261202,1,20261203,1,20261204,1,20261207,1,20261208,1,20261209,1,20261210,1,20261211,1,20261214,1,20261215,1,20261216,1,20261217,1,20261218,1,20261221,1,20261222,1,20261223,1,20261224,1,20261228,1,20261229,1,20261230,1,20261231,1,20270104,1,20270105,1,20270106,1,20270107,1,20270108,1,20270111,1,20270112,1,20270113,1,20270114,1,20270115,1,20270118,1,20270119,1,20270120,1,20270121,1,20270122,1,20270125,1,20270126,1,20270127,1,20270128,1,20270129,1,20270201,1,20270202,1,20270203,1,20270204,1,20270205,1,20270208,1,20270209,1,20270210,1,20270211,1,20270212,1,20270216,1,20270217,1,20270218,1,20270219,1,20270222,1,20270223,1,20270224,1,20270225,1,20270226,1,20270301,1,20270302,1,20270303,1,20270304,1,20270305,1,20270308,1,20270309,1,20270310,1,20270311,1,20270312,1,20270315,1,20270316,1,20270317,1,20270318,1,20270319,1,20270322,1,20270323,1,20270324,1,20270325,1,20270329,1,20270330,1,20270331,1,20270401,1,20270402,1,20270405,1,20270406,1,20270407,1,20270408,1,20270409,1,20270412,1,20270413,1,20270414,1,20270415,1,20270416,1,20270419,1,20270420,1,20270421,1,20270422,1,20270423,1,20270426,1,20270427,1,20270428,1,20270429,1,20270430,1,20270503,1,20270504,1,20270505,1,20270506,1,20270507,1,20270510,1,20270511,1,20270512,1,20270513,1,20270514,1,20270517,1,20270518,1,20270519,1,20270520,1,20270521,1,20270525,1,20270526,1
'1346672',20260826,1,20260827,1,20260828,1,20260831,1,20260901,1,20260902,1,20260903,1,20260904,1,20260908,1,20260909,1,20260910,1,20260911,1,20260914,1,20260915,1,20260916,1,20260917,1,20260918,1,20260921,1,20260922,1,20260923,1,20260924,1,20260925,1,20260928,1,20260929,1,20260930,1,20261001,1,20261002,1,20261005,1,20261006,1,20261007,1,20261008,1,20261009,1,20261013,1,20261014,1,20261015,1,20261016,1,20261019,1,20261020,1,20261021,1,20261022,1,20261023,1,20261026,1,20261027,1,20261028,1,20261029,1,20261030,1,20261102,1,20261103,1,20261104,1,20261105,1,20261106,1,20261109,1,20261110,1,20261111,1,20261112,1,20261113,1,20261116,1,20261117,1,20261118,1,20261119,1,20261120,1,20261123,1,20261124,1,20261125,1,20261126,1,20261127,1,20261130,1,20261201,1,20261202,1,20261203,1,20261204,1,20261207,1,20261208,1,20261209,1,20261210,1,20261211,1,20261214,1,20261215,1,20261216,1,20261217,1,20261218,1,20261221,1,20261222,1,20261223,1,20261224,1,20261228,1,20261229,1,20261230,1,20261231,1,20270104,1,20270105,1,20270106,1,20270107,1,20270108,1,20270111,1,20270112,1,20270113,1,20270114,1,20270115,1,20270118,1,20270119,1,20270120,1,20270121,1,20270122,1,20270125,1,20270126,1,20270127,1,20270128,1,20270129,1,20270201,1,20270202,1,20270203,1,20270204,1,20270205,1,20270208,1,20270209,1,20270210,1,20270211,1,20270212,1,20270216,1,20270217,1,20270218,1,20270219,1,20270222,1,20270223,1,20270224,1,20270225,1,20270226,1,20270301,1,20270302,1,20270303,1,20270304,1,20270305,1,20270308,1,20270309,1,20270310,1,20270311,1,20270312,1,20270315,1,20270316,1,20270317,1,20270318,1,20270319,1,20270322,1,20270323,1,20270324,1,20270325,1,20270329,1,20270330,1,20270331,1,20270401,1,20270402,1,20270405,1,20270406,1,20270407,1,20270408,1,20270409,1,20270412,1,20270413,1,20270414,1,20270415,1,20270416,1,20270419,1,20270420,1,20270421,1,20270422,1,20270423,1,20270426,1,20270427,1,20270428,1,20270429,1,20270430,1,20270503,1,20270504,1,20270505,1,20270506,1,20270507,1,20270510,1,20270511,1,20270512,1,20270513,1,20270514,1,20270517,1,20270518,1,20270519,1,20270520,1,20270521,1,20270525,1,20270526,1
'1346673',20260830,1,20260906,1,20260913,1,20260920,1,20260927,1,20261004,1,20261011,1,20261018,1,20261025,1,20261101,1,20261108,1,20261115,1,20261122,1,20261129,1,20261206,1,20261213,1,20261220,1,20261227,1,20270103,1,20270110,1,20270117,1,20270124,1,20270131,1,20270207,1,20270214,1,20270221,1,20270228,1,20270307,1,20270314,1,20270321,1,20270328,1,20270404,1,20270411,1,20270418,1,20270425,1,20270502,1,20270509,1,20270516,1,20270523,1
'1346674',20260829,1,20260905,1,20260912,1,20260919,1,20260926,1,20261003,1,20261010,1,20261017,1,20261024,1,20261031,1,20261107,1,20261114,1,20261121,1,20261128,1,20261205,1,20261212,1,20261219,1,20270102,1,20270109,1,20270116,1,20270123,1,20270130,1,20270206,1,20270213,1,20270220,1,20270227,1,20270306,1,20270313,1,20270320,1,20270327,1,20270403,1,20270410,1,20270417,1,20270424,1,20270501,1,20270508,1,20270515,1,20270522,1
'1346675',20260826,1,20260827,1,20260828,1,20260831,1,20260901,1,20260902,1,20260903,1,20260904,1,20260908,1,20260909,1,20260910,1,20260911,1,20260914,1,20260915,1,20260916,1,20260917,1,20260918,1,20260921,1,20260922,1,20260923,1,20260924,1,20260925,1,20260928,1,20260929,1,20260930,1,20261001,1,20261002,1,20261005,1,20261006,1,20261007,1,20261008,1,20261009,1,20261013,1,20261014,1,20261015,1,20261016,1,20261019,1,20261020,1,20261021,1,20261022,1,20261023,1,20261026,1,20261027,1,20261028,1,20261029,1,20261030,1,20261102,1,20261103,1,20261104,1,20261105,1,20261106,1,20261109,1,20261110,1,20261111,1,20261112,1,20261113,1,20261116,1,20261117,1,20261118,1,20261119,1,20261120,1,20261123,1,20261124,1,20261125,1,20261126,1,20261127,1,20261130,1,20261201,1,20261202,1,20261203,1,20261204,1,20261207,1,20261208,1,20261209,1,20261210,1,20261211,1,20261214,1,20261215,1,20261216,1,20261217,1,20261218,1,20261221,1,20261222,1,20261223,1,20261224,1,20261228,1,20261229,1,20261230,1,20261231,1,20270104,1,20270105,1,20270106,1,20270107,1,20270108,1,20270111,1,20270112,1,20270113,1,20270114,1,20270115,1,20270118,1,20270119,1,20270120,1,20270121,1,20270122,1,20270125,1,20270126,1,20270127,1,20270128,1,20270129,1,20270201,1,20270202,1,20270203,1,20270204,1,20270205,1,20270208,1,20270209,1,20270210,1,20270211,1,20270212,1,20270216,1,20270217,1,20270218,1,20270219,1,20270222,1,20270223,1,20270224,1,20270225,1,20270226,1,20270301,1,20270302,1,20270303,1,20270304,1,20270305,1,20270308,1,20270309,1,20270310,1,20270311,1,20270312,1,20270315,1,20270316,1,20270317,1,20270318,1,20270319,1,20270322,1,20270323,1,20270324,1,20270325,1,20270329,1,20270330,1,20270331,1,20270401,1,20270402,1,20270405,1,20270406,1,20270407,1,20270408,1,20270409,1,20270412,1,20270413,1,20270414,1,20270415,1,20270416,1,20270419,1,20270420,1,20270421,1,20270422,1,20270423,1,20270426,1,20270427,1,20270428,1,20270429,1,20270430,1,20270503,1,20270504,1,20270505,1,20270506,1,20270507,1,20270510,1,20270511,1,20270512,1,20270513,1,20270514,1,20270517,1,20270518,1,20270519,1,20270520,1,20270521,1,20270525,1,20270526,1
'1346676',20260830,1,20260906,1,20260913,1,20260920,1,20260927,1,20261004,1,20261011,1,20261018,1,20261025,1,20261101,1,20261108,1,20261115,1,20261122,1,20261129,1,20261206,1,20261213,1,20261220,1,20261227,1,20270103,1,20270110,1,20270117,1,20270124,1,20270131,1,20270207,1,20270214,1,20270221,1,20270228,1,20270307,1,20270314,1,20270321,1,20270328,1,20270404,1,20270411,1,20270418,1,20270425,1,20270502,1,20270509,1,20270516,1,20270523,1
'1346679',20260826,1,20260827,1,20260828,1,20260831,1,20260901,1,20260902,1,20260903,1,20260904,1,20260908,1,20260909,1,20260910,1,20260911,1,20260914,1,20260915,1,20260916,1,20260917,1,20260918,1,20260921,1,20260922,1,20260923,1,20260924,1,20260925,1,20260928,1,20260929,1,20260930,1,20261001,1,20261002,1,20261005,1,20261006,1,20261007,1,20261008,1,20261009,1,20261013,1,20261014,1,20261015,1,20261016,1,20261019,1,20261020,1,20261021,1,20261022,1,20261023,1,20261026,1,20261027,1,20261028,1,20261029,1,20261030,1,20261102,1,20261103,1,20261104,1,20261105,1,20261106,1,20261109,1,20261110,1,20261111,1,20261112,1,20261113,1,20261116,1,20261117,1,20261118,1,20261119,1,20261120,1,20261123,1,20261124,1,20261125,1,20261126,1,20261127,1,20261130,1,20261201,1,20261202,1,20261203,1,20261204,1,20261207,1,20261208,1,20261209,1,20261210,1,20261211,1,20261214,1,20261215,1,20261216,1,20261217,1,20261218,1,20261221,1,20261222,1,20261223,1,20261224,1,20261228,1,20261229,1,20261230,1,20261231,1,20270104,1,20270105,1,20270106,1,20270107,1,20270108,1,20270111,1,20270112,1,20270113,1,20270114,1,20270115,1,20270118,1,20270119,1,20270120,1,20270121,1,20270122,1,20270125,1,20270126,1,20270127,1,20270128,1,20270129,1,20270201,1,20270202,1,20270203,1,20270204,1,20270205,1,20270208,1,20270209,1,20270210,1,20270211,1,20270212,1,20270216,1,20270217,1,20270218,1,20270219,1,20270222,1,20270223,1,20270224,1,20270225,1,20270226,1,20270301,1,20270302,1,20270303,1,20270304,1,20270305,1,20270308,1,20270309,1,20270310,1,20270311,1,20270312,1,20270315,1,20270316,1,20270317,1,20270318,1,20270319,1,20270322,1,20270323,1,20270324,1,20270325,1,20270329,1,20270330,1,20270331,1,20270401,1,20270402,1,20270405,1,20270406,1,20270407,1,20270408,1,20270409,1,20270412,1,20270413,1,20270414,1,20270415,1,20270416,1,20270419,1,20270420,1,20270421,1,20270422,1,20270423,1,20270426,1,20270427,1,20270428,1,20270429,1,20270430,1,20270503,1,20270504,1,20270505,1,20270506,1,20270507,1,20270510,1,20270511,1,20270512,1,20270513,1,20270514,1,20270517,1,20270518,1,20270519,1,20270520,1,20270521,1,20270525,1,20270526,1
'1346680',20260826,1,20260827,1,20260828,1,20260831,1,20260901,1,20260902,1,20260903,1,20260904,1,20260908,1,20260909,1,20260910,1,20260911,1,20260914,1,20260915,1,20260916,1,20260917,1,20260918,1,20260921,1,20260922,1,20260923,1,20260924,1,20260925,1,20260928,1,20260929,1,20260930,1,20261001,1,20261002,1,20261005,1,20261006,1,20261007,1,20261008,1,20261009,1,20261013,1,20261014,1,20261015,1,20261016,1,20261019,1,20261020,1,20261021,1,20261022,1,20261023,1,20261026,1,20261027,1,20261028,1,20261029,1,20261030,1,20261102,1,20261103,1,20261104,1,20261105,1,20261106,1,20261109,1,20261110,1,20261111,1,20261112,1,20261113,1,20261116,1,20261117,1,20261118,1,20261119,1,20261120,1,20261123,1,20261124,1,20261125,1,20261126,1,20261127,1,20261130,1,20261201,1,20261202,1,20261203,1,20261204,1,20261207,1,20261208,1,20261209,1,20261210,1,20261211,1,20261214,1,20261215,1,20261216,1,20261217,1,20261218,1,20261221,1,20261222,1,20261223,1,20261224,1,20261228,1,20261229,1,20261230,1,20261231,1,20270104,1,20270105,1,20270106,1,20270107,1,20270108,1,20270111,1,20270112,1,20270113,1,20270114,1,20270115,1,20270118,1,20270119,1,20270120,1,20270121,1,20270122,1,20270125,1,20270126,1,20270127,1,20270128,1,20270129,1,20270201,1,20270202,1,20270203,1,20270204,1,20270205,1,20270208,1,20270209,1,20270210,1,20270211,1,20270212,1,20270216,1,20270217,1,20270218,1,20270219,1,20270222,1,20270223,1,20270224,1,20270225,1,20270226,1,20270301,1,20270302,1,20270303,1,20270304,1,20270305,1,20270308,1,20270309,1,20270310,1,20270311,1,20270312,1,20270315,1,20270316,1,20270317,1,20270318,1,20270319,1,20270322,1,20270323,1,20270324,1,20270325,1,20270329,1,20270330,1,20270331,1,20270401,1,20270402,1,20270405,1,20270406,1,20270407,1,20270408,1,20270409,1,20270412,1,20270413,1,20270414,1,20270415,1,20270416,1,20270419,1,20270420,1,20270421,1,20270422,1,20270423,1,20270426,1,20270427,1,20270428,1,20270429,1,20270430,1,20270503,1,20270504,1,20270505,1,20270506,1,20270507,1,20270510,1,20270511,1,20270512,1,20270513,1,20270514,1,20270517,1,20270518,1,20270519,1,20270520,1,20270521,1,20270525,1,20270526,1
'1346681',20260830,1,20260906,1,20260913,1,20260920,1,20260927,1,20261004,1,20261011,1,20261018,1,20261025,1,20261101,1,20261108,1,20261115,1,20261122,1,20261129,1,20261206,1,20261213,1,20261220,1,20261227,1,20270103,1,20270110,1,20270117,1,20270124,1,20270131,1,20270207,1,20270214,1,20270221,1,20270228,1,20270307,1,20270314,1,20270321,1,20270328,1,20270404,1,20270411,1,20270418,1,20270425,1,20270502,1,20270509,1,20270516,1,20270523,1
'1346682',20260830,1,20260906,1,20260913,1,20260920,1,20260927,1,20261004,1,20261011,1,20261018,1,20261025,1,20261101,1,20261108,1,20261115,1,20261122,1,20261129,1,20261206,1,20261213,1,20261220,1,20261227,1,20270103,1,20270110,1,20270117,1,20270124,1,20270131,1,20270207,1,20270214,1,20270221,1,20270228,1,20270307,1,20270314,1,20270321,1,20270328,1,20270404,1,20270411,1,20270418,1,20270425,1,20270502,1,20270509,1,20270516,1,20270523,1
'1346683',20260829,1,20260905,1,20260912,1,20260919,1,20260926,1,20261003,1,20261010,1,20261017,1,20261024,1,20261031,1,20261107,1,20261114,1,20261121,1,20261128,1,20261205,1,20261212,1,20261219,1,20270102,1,20270109,1,20270116,1,20270123,1,20270130,1,20270206,1,20270213,1,20270220,1,20270227,1,20270306,1,20270313,1,20270320,1,20270327,1,20270403,1,20270410,1,20270417,1,20270424,1,20270501,1,20270508,1,20270515,1,20270522,1
'1346684',20260826,1,20260827,1,20260828,1,20260831,1,20260901,1,20260902,1,20260903,1,20260904,1,20260908,1,20260909,1,20260910,1,20260911,1,20260914,1,20260915,1,20260916,1,20260917,1,20260918,1,20260921,1,20260922,1,20260923,1,20260924,1,20260925,1,20260928,1,20260929,1,20260930,1,20261001,1,20261002,1,20261005,1,20261006,1,20261007,1,20261008,1,20261009,1,20261013,1,20261014,1,20261015,1,20261016,1,20261019,1,20261020,1,20261021,1,20261022,1,20261023,1,20261026,1,20261027,1,20261028,1,20261029,1,20261030,1,20261102,1,20261103,1,20261104,1,20261105,1,20261106,1,20261109,1,20261110,1,20261111,1,20261112,1,20261113,1,20261116,1,20261117,1,20261118,1,20261119,1,20261120,1,20261123,1,20261124,1,20261125,1,20261126,1,20261127,1,20261130,1,20261201,1,20261202,1,20261203,1,20261204,1,20261207,1,20261208,1,20261209,1,20261210,1,20261211,1,20261214,1,20261215,1,20261216,1,20261217,1,20261218,1,20261221,1,20261222,1,20261223,1,20261224,1,20261228,1,20261229,1,20261230,1,20261231,1,20270104,1,20270105,1,20270106,1,20270107,1,20270108,1,20270111,1,20270112,1,20270113,1,20270114,1,20270115,1,20270118,1,20270119,1,20270120,1,20270121,1,20270122,1,20270125,1,20270126,1,20270127,1,20270128,1,20270129,1,20270201,1,20270202,1,20270203,1,20270204,1,20270205,1,20270208,1,20270209,1,20270210,1,20270211,1,20270212,1,20270216,1,20270217,1,20270218,1,20270219,1,20270222,1,20270223,1,20270224,1,20270225,1,20270226,1,20270301,1,20270302,1,20270303,1,20270304,1,20270305,1,20270308,1,20270309,1,20270310,1,20270311,1,20270312,1,20270315,1,20270316,1,20270317,1,20270318,1,20270319,1,20270322,1,20270323,1,20270324,1,20270325,1,20270329,1,20270330,1,20270331,1,20270401,1,20270402,1,20270405,1,20270406,1,20270407,1,20270408,1,20270409,1,20270412,1,20270413,1,20270414,1,20270415,1,20270416,1,20270419,1,20270420,1,20270421,1,20270422,1,20270423,1,20270426,1,20270427,1,20270428,1,20270429,1,20270430,1,20270503,1,20270504,1,20270505,1,20270506,1,20270507,1,20270510,1,20270511,1,20270512,1,20270513,1,20270514,1,20270517,1,20270518,1,20270519,1,20270520,1,20270521,1,20270525,1,20270526,1
'1346685',20260829,1,20260905,1,20260912,1,20260919,1,20260926,1,20261003,1,20261010,1,20261017,1,20261024,1,20261031,1,20261107,1,20261114,1,20261121,1,20261128,1,20261205,1,20261212,1,20261219,1,20270102,1,20270109,1,20270116,1,20270123,1,20270130,1,20270206,1,20270213,1,20270220,1,20270227,1,20270306,1,20270313,1,20270320,1,20270327,1,20270403,1,20270410,1,20270417,1,20270424,1,20270501,1,20270508,1,20270515,1,20270522,1
'1346686',20260826,1,20260827,1,20260828,1,20260831,1,20260901,1,20260902,1,20260903,1,20260904,1,20260908,1,20260909,1,20260910,1,20260911,1,20260914,1,20260915,1,20260916,1,20260917,1,20260918,1,20260921,1,20260922,1,20260923,1,20260924,1,20260925,1,20260928,1,20260929,1,20260930,1,20261001,1,20261002,1,20261005,1,20261006,1,20261007,1,20261008,1,20261009,1,20261013,1,20261014,1,20261015,1,20261016,1,20261019,1,20261020,1,20261021,1,20261022,1,20261023,1,20261026,1,20261027,1,20261028,1,20261029,1,20261030,1,20261102,1,20261103,1,20261104,1,20261105,1,20261106,1,20261109,1,20261110,1,20261111,1,20261112,1,20261113,1,20261116,1,20261117,1,20261118,1,20261119,1,20261120,1,20261123,1,20261124,1,20261125,1,20261126,1,20261127,1,20261130,1,20261201,1,20261202,1,20261203,1,20261204,1,20261207,1,20261208,1,20261209,1,20261210,1,20261211,1,20261214,1,20261215,1,20261216,1,20261217,1,20261218,1,20261221,1,20261222,1,20261223,1,20261224,1,20261228,1,20261229,1,20261230,1,20261231,1,20270104,1,20270105,1,20270106,1,20270107,1,20270108,1,20270111,1,20270112,1,20270113,1,20270114,1,20270115,1,20270118,1,20270119,1,20270120,1,20270121,1,20270122,1,20270125,1,20270126,1,20270127,1,20270128,1,20270129,1,20270201,1,20270202,1,20270203,1,20270204,1,20270205,1,20270208,1,20270209,1,20270210,1,20270211,1,20270212,1,20270216,1,20270217,1,20270218,1,20270219,1,20270222,1,20270223,1,20270224,1,20270225,1,20270226,1,20270301,1,20270302,1,20270303,1,20270304,1,20270305,1,20270308,1,20270309,1,20270310,1,20270311,1,20270312,1,20270315,1,20270316,1,20270317,1,20270318,1,20270319,1,20270322,1,20270323,1,20270324,1,20270325,1,20270329,1,20270330,1,20270331,1,20270401,1,20270402,1,20270405,1,20270406,1,20270407,1,20270408,1,20270409,1,20270412,1,20270413,1,20270414,1,20270415,1,20270416,1,20270419,1,20270420,1,20270421,1,20270422,1,20270423,1,20270426,1,20270427,1,20270428,1,20270429,1,20270430,1,20270503,1,20270504,1,20270505,1,20270506,1,20270507,1,20270510,1,20270511,1,20270512,1,20270513,1,20270514,1,20270517,1,20270518,1,20270519,1,20270520,1,20270521,1,20270525,1,20270526,1
'1346687',20260826,1,20260827,1,20260828,1,20260831,1,20260901,1,20260902,1,20260903,1,20260904,1,20260908,1,20260909,1,20260910,1,20260911,1,20260914,1,20260915,1,20260916,1,20260917,1,20260918,1,20260921,1,20260922,1,20260923,1,20260924,1,20260925,1,20260928,1,20260929,1,20260930,1,20261001,1,20261002,1,20261005,1,20261006,1,20261007,1,20261008,1,20261009,1,20261013,1,20261014,1,20261015,1,20261016,1,20261019,1,20261020,1,20261021,1,20261022,1,20261023,1,20261026,1,20261027,1,20261028,1,20261029,1,20261030,1,20261102,1,20261103,1,20261104,1,20261105,1,20261106,1,20261109,1,20261110,1,20261111,1,20261112,1,20261113,1,20261116,1,20261117,1,20261118,1,20261119,1,20261120,1,20261123,1,20261124,1,20261125,1,20261126,1,20261127,1,20261130,1,20261201,1,20261202,1,20261203,1,20261204,1,20261207,1,20261208,1,20261209,1,20261210,1,20261211,1,20261214,1,20261215,1,20261216,1,20261217,1,20261218,1,20261221,1,20261222,1,20261223,1,20261224,1,20261228,1,20261229,1,20261230,1,20261231,1,20270104,1,20270105,1,20270106,1,20270107,1,20270108,1,20270111,1,20270112,1,20270113,1,20270114,1,20270115,1,20270118,1,20270119,1,20270120,1,20270121,1,20270122,1,20270125,1,20270126,1,20270127,1,20270128,1,20270129,1,20270201,1,20270202,1,20270203,1,20270204,1,20270205,1,20270208,1,20270209,1,20270210,1,20270211,1,20270212,1,20270216,1,20270217,1,20270218,1,20270219,1,20270222,1,20270223,1,20270224,1,20270225,1,20270226,1,20270301,1,20270302,1,20270303,1,20270304,1,20270305,1,20270308,1,20270309,1,20270310,1,20270311,1,20270312,1,20270315,1,20270316,1,20270317,1,20270318,1,20270319,1,20270322,1,20270323,1,20270324,1,20270325,1,20270329,1,20270330,1,20270331,1,20270401,1,20270402,1,20270405,1,20270406,1,20270407,1,20270408,1,20270409,1,20270412,1,20270413,1,20270414,1,20270415,1,20270416,1,20270419,1,20270420,1,20270421,1,20270422,1,20270423,1,20270426,1,20270427,1,20270428,1,20270429,1,20270430,1,20270503,1,20270504,1,20270505,1,20270506,1,20270507,1,20270510,1,20270511,1,20270512,1,20270513,1,20270514,1,20270517,1,20270518,1,20270519,1,20270520,1,20270521,1,20270525,1,20270526,1
'1346688',20260826,1,20260827,1,20260828,1,20260831,1,20260901,1,20260902,1,20260903,1,20260904,1,20260908,1,20260909,1,20260910,1,20260911,1,20260914,1,20260915,1,20260916,1,20260917,1,20260918,1,20260921,1,20260922,1,20260923,1,20260924,1,20260925,1,20260928,1,20260929,1,20260930,1,20261001,1,20261002,1,20261005,1,20261006,1,20261007,1,20261008,1,20261009,1,20261013,1,20261014,1,20261015,1,20261016,1,20261019,1,20261020,1,20261021,1,20261022,1,20261023,1,20261026,1,20261027,1,20261028,1,20261029,1,20261030,1,20261102,1,20261103,1,20261104,1,20261105,1,20261106,1,20261109,1,20261110,1,20261111,1,20261112,1,20261113,1,20261116,1,20261117,1,20261118,1,20261119,1,20261120,1,20261123,1,20261124,1,20261125,1,20261126,1,20261127,1,20261130,1,20261201,1,20261202,1,20261203,1,20261204,1,20261207,1,20261208,1,20261209,1,20261210,1,20261211,1,20261214,1,20261215,1,20261216,1,20261217,1,20261218,1,20261221,1,20261222,1,20261223,1,20261224,1,20261228,1,20261229,1,20261230,1,20261231,1,20270104,1,20270105,1,20270106,1,20270107,1,20270108,1,20270111,1,20270112,1,20270113,1,20270114,1,20270115,1,20270118,1,20270119,1,20270120,1,20270121,1,20270122,1,20270125,1,20270126,1,20270127,1,20270128,1,20270129,1,20270201,1,20270202,1,20270203,1,20270204,1,20270205,1,20270208,1,20270209,1,20270210,1,20270211,1,20270212,1,20270216,1,20270217,1,20270218,1,20270219,1,20270222,1,20270223,1,20270224,1,20270225,1,20270226,1,20270301,1,20270302,1,20270303,1,20270304,1,20270305,1,20270308,1,20270309,1,20270310,1,20270311,1,20270312,1,20270315,1,20270316,1,20270317,1,20270318,1,20270319,1,20270322,1,20270323,1,20270324,1,20270325,1,20270329,1,20270330,1,20270331,1,20270401,1,20270402,1,20270405,1,20270406,1,20270407,1,20270408,1,20270409,1,20270412,1,20270413,1,20270414,1,20270415,1,20270416,1,20270419,1,20270420,1,20270421,1,20270422,1,20270423,1,20270426,1,20270427,1,20270428,1,20270429,1,20270430,1,20270503,1,20270504,1,20270505,1,20270506,1,20270507,1,20270510,1,20270511,1,20270512,1,20270513,1,20270514,1,20270517,1,20270518,1,20270519,1,20270520,1,20270521,1,20270525,1,20270526,1
'1346691',20260826,1,20260827,1,20260828,1,20260831,1,20260901,1,20260902,1,20260903,1,20260904,1,20260908,1,20260909,1,20260910,1,20260911,1,20260914,1,20260915,1,20260916,1,20260917,1,20260918,1,20260921,1,20260922,1,20260923,1,20260924,1,20260925,1,20260928,1,20260929,1,20260930,1,20261001,1,20261002,1,20261005,1,20261006,1,20261007,1,20261008,1,20261009,1,20261013,1,20261014,1,20261015,1,20261016,1,20261019,1,20261020,1,20261021,1,20261022,1,20261023,1,20261026,1,20261027,1,20261028,1,20261029,1,20261030,1,20261102,1,20261103,1,20261104,1,20261105,1,20261106,1,20261109,1,20261110,1,20261111,1,20261112,1,20261113,1,20261116,1,20261117,1,20261118,1,20261119,1,20261120,1,20261123,1,20261124,1,20261125,1,20261126,1,20261127,1,20261130,1,20261201,1,20261202,1,20261203,1,20261204,1,20261207,1,20261208,1,20261209,1,20261210,1,20261211,1,20261214,1,20261215,1,20261216,1,20261217,1,20261218,1,20261221,1,20261222,1,20261223,1,20261224,1,20261228,1,20261229,1,20261230,1,20261231,1,20270104,1,20270105,1,20270106,1,20270107,1,20270108,1,20270111,1,20270112,1,20270113,1,20270114,1,20270115,1,20270118,1,20270119,1,20270120,1,20270121,1,20270122,1,20270125,1,20270126,1,20270127,1,20270128,1,20270129,1,20270201,1,20270202,1,20270203,1,20270204,1,20270205,1,20270208,1,20270209,1,20270210,1,20270211,1,20270212,1,20270216,1,20270217,1,20270218,1,20270219,1,20270222,1,20270223,1,20270224,1,20270225,1,20270226,1,20270301,1,20270302,1,20270303,1,20270304,1,20270305,1,20270308,1,20270309,1,20270310,1,20270311,1,20270312,1,20270315,1,20270316,1,20270317,1,20270318,1,20270319,1,20270322,1,20270323,1,20270324,1,20270325,1,20270329,1,20270330,1,20270331,1,20270401,1,20270402,1,20270405,1,20270406,1,20270407,1,20270408,1,20270409,1,20270412,1,20270413,1,20270414,1,20270415,1,20270416,1,20270419,1,20270420,1,20270421,1,20270422,1,20270423,1,20270426,1,20270427,1,20270428,1,20270429,1,20270430,1,20270503,1,20270504,1,20270505,1,20270506,1,20270507,1,20270510,1,20270511,1,20270512,1,20270513,1,20270514,1,20270517,1,20270518,1,20270519,1,20270520,1,20270521,1,20270525,1,20270526,1
'1346692',20260830,1,20260906,1,20260913,1,20260920,1,20260927,1,20261004,1,20261011,1,20261018,1,20261025,1,20261101,1,20261108,1,20261115,1,20261122,1,20261129,1,20261206,1,20261213,1,20261220,1,20261227,1,20270103,1,20270110,1,20270117,1,20270124,1,20270131,1,20270207,1,20270214,1,20270221,1,20270228,1,20270307,1,20270314,1,20270321,1,20270328,1,20270404,1,20270411,1,20270418,1,20270425,1,20270502,1,20270509,1,20270516,1,20270523,1
'1346694',20260830,1,20260906,1,20260913,1,20260920,1,20260927,1,20261004,1,20261011,1,20261018,1,20261025,1,20261101,1,20261108,1,20261115,1,20261122,1,20261129,1,20261206,1,20261213,1,20261220,1,20261227,1,20270103,1,20270110,1,20270117,1,20270124,1,20270131,1,20270207,1,20270214,1,20270221,1,20270228,1,20270307,1,20270314,1,20270321,1,20270328,1,20270404,1,20270411,1,20270418,1,20270425,1,20270502,1,20270509,1,20270516,1,20270523,1
